url,label,source
https://target-secure.com/update?id=5251,1,Generated
https://cloudflare.com/signup,0,TopSites
https://kopmeier0.wixsite.com/attpagelogin,1,OpenPhish
https://www.adobe.com/login,0,TopSites
https://notion.so/about,0,TopSites
https://target-secure.com/update?ref=782,1,Generated
https://paypal-verify.com/update?token=3tig9psv,1,Generated
https://bet73034.com/fish/214,1,OpenPhish
http://pacdesign.eu/wp-admin/ark.html,1,OpenPhish
https://www.github.com/help,0,TopSites
https://paypal.com/support,0,TopSites
https://leonardoasantos1.github.io/FacebookClone/,1,OpenPhish
https://databricks.com/products,0,TopSites
https://yahoo-secure.com/verify?ref=658,1,Generated
https://walmart-secure.com/verify?session=X3GGHOI555Y1,1,Generated
https://google-secure.com/verify?verify=69328,1,Generated
https://facebook-verify.com/login?id=9888,1,Generated
https://bankofamerica-verify.com/account?ref=995,1,Generated
https://www.microsoft.com/login,0,TopSites
https://dmv-secure.com/update?verify=26806,1,Generated
https://docs.google.com/login,0,TopSites
https://www.twitter-verify.com/account?token=nruvta6o,1,Generated
https://chat.openai.com,0,TopSites
https://www.venmo.com/contact,0,TopSites
https://mail.google.com/help,0,TopSites
https://wellsfargo-verify.com/login?session=H8OHAVSY7TKY,1,Generated
https://h5.hightmembers.com/,1,OpenPhish
https://openai.com/about,0,TopSites
https://secure-login.chase-bank.com/verify?session=2WD6MEFAEK8G,1,Generated
https://www.reddit.com/contact,0,TopSites
https://www.facebook.com/services,0,TopSites
https://bankofamerica-verify.com/account?token=cc8lbiuq,1,Generated
https://rambhavn.github.io/netflix-clone/,1,OpenPhish
https://www.discord.com/about,0,TopSites
https://amazon-verify.com/account?ref=376,1,Generated
https://creativecloud.adobe.com/products,0,TopSites
https://mt-add-hitos-cv9d.vercel.app/tionds-crod/transparency.meta.com_sp_00353483110-enforcement-taking-action-restrictins-acounts.html,1,OpenPhish
https://www.bankofamerica.com/help,0,TopSites
https://www.spotify.com/products,0,TopSites
https://www.kaggle.com/about,0,TopSites
https://outlook-verify.com/account?id=7134,1,Generated
https://www.paypal.com/help,0,TopSites
https://www.spotify.com/signup,0,TopSites
https://www.icloud.com/login,0,TopSites
https://amazon-secure.com/verify?id=2526,1,Generated
https://fastly.com/products,0,TopSites
https://linkedin-verify.com/account?verify=96262,1,Generated
https://www.creditkarma.com/products,0,TopSites
https://wellsfargo-secure.com/account/verify?session=2AYCUG5AMSG9,1,Generated
http://virus.tinylink.eu/s/63BZGFSVBWSFCDX7Y9/584dd8/90eab167-7429-489f-99f6-ce86e8d0d81a,1,OpenPhish
https://azure.microsoft.com/contact,0,TopSites
https://loc-ip-find.services/isignesp.php,1,OpenPhish
https://trello.com/signup,0,TopSites
https://ebay-secure.com/update?verify=29233,1,Generated
http://ishoplost.app/isignesp.php,1,OpenPhish
https://www.box.com/login,0,TopSites
https://irs-verify.com/account?token=y7h1nnc7,1,Generated
https://www.google.com/login,0,TopSites
https://www.databricks.com/signup,0,TopSites
https://www.stripe.com/signup,0,TopSites
https://www.walmart.com,0,TopSites
https://www.stripe.com/contact,0,TopSites
https://small-cloud-afdc.aarav-1.workers.dev/bdo-form/en/web/clg/en/web/clg/card-activation,1,OpenPhish
https://wellsfargo-secure.com/account/verify?token=l2ozg7b4,1,Generated
https://apple-secure.com/verify?id=9116,1,Generated
https://slack.com/products,0,TopSites
https://www.venmo.com/support,0,TopSites
https://asana.com/help,0,TopSites
https://miro.com/login,0,TopSites
https://thongsukjewelry.com/wp-includes/blobvera.html,1,OpenPhish
https://huggingface.co/support,0,TopSites
https://render.com/support,0,TopSites
https://www.stackoverflow.com/help,0,TopSites
https://airtable.com/contact,0,TopSites
https://microsoft-secure.com/update?token=o27mq0pi,1,Generated
https://hotmail-secure.com/update?verify=29599,1,Generated
https://www.paypal.com/products,0,TopSites
https://apple-verify.com/account?verify=60493,1,Generated
https://aws.amazon.com,0,TopSites
https://apple-verify.com/account?token=7ee26vz6,1,Generated
https://www.creditkarma.com/services,0,TopSites
https://bet73034.com/casino,1,OpenPhish
https://paypal.com/contact,0,TopSites
https://www.paypal.com/support,0,TopSites
https://zoom.us/about,0,TopSites
https://netflix-secure.com/update?id=5638,1,Generated
https://www.bankofamerica-secure.com/login?ref=792,1,Generated
https://www.digitalocean.com/about,0,TopSites
https://www.render.com/login,0,TopSites
http://pub-feb99a8e8a744872bd5d9a7a88924454.r2.dev/index.html,1,OpenPhish
https://netflix-secure.com/update?id=3201,1,Generated
https://www.discord.com,0,TopSites
https://bet73034.com/sport/44,1,OpenPhish
https://openai.com/services,0,TopSites
https://www.ebay.com/contact,0,TopSites
https://azure.microsoft.com/about,0,TopSites
https://bet73088.com/sport/184,1,OpenPhish
https://calendar.google.com/products,0,TopSites
http://discontcomputers.com/s/63BZGFSVBWSFCDX7Y9/584dd8/90eab167-7429-489f-99f6-ce86e8d0d81a,1,OpenPhish
https://www.box.com/help,0,TopSites
https://paypal.com,0,TopSites
https://www.notion.so,0,TopSites
https://www.apple.com/products,0,TopSites
https://ledger.3xploit.dev/files/connect.php?user=true,1,OpenPhish
https://apple-verify.com/account?token=i1chwz50,1,Generated
https://openai.com/support,0,TopSites
https://www.cloudflare.com/support,0,TopSites
https://dropbox.com/contact,0,TopSites
https://instagram-verify.com/login?ref=156,1,Generated
https://teams.microsoft.com/login,0,TopSites
https://zoom.us/contact,0,TopSites
https://dynamic-choux-7680ee.netlify.app/,1,OpenPhish
https://app-encontrar.app/isignesp.php,1,OpenPhish
https://huggingface.co/login,0,TopSites
https://icloud.com/about,0,TopSites
https://slack.com/support,0,TopSites
https://instagram-verify.com/login?id=2718,1,Generated
https://www.databricks.com/login,0,TopSites
https://www.databricks.com/help,0,TopSites
https://gmail-verify.com/update?token=dnimnkk1,1,Generated
https://irs-secure.com/verify?verify=79487,1,Generated
https://paypal-verify.com/update?ref=685,1,Generated
https://www.stripe.com/contact,0,TopSites
https://www.kaggle.com/help,0,TopSites
https://amazon-verify.com/account?ref=865,1,Generated
https://calendar.google.com/services,0,TopSites
https://small-cloud-afdc.aarav-1.workers.dev/bdo-form/en/web/clg/en/registration,1,OpenPhish
https://www.twitter.com/support,0,TopSites
https://ssa-verify.com/update?id=3816,1,Generated
https://secure-login.chase-bank.com/verify?token=b66d7ci8,1,Generated
https://www.wise.com/contact,0,TopSites
https://chat.openai.com/services,0,TopSites
https://irs-verify.com/account?id=6393,1,Generated
https://revolut.com/help,0,TopSites
https://www.facebook.com/contact,0,TopSites
https://fastly.com/signup,0,TopSites
https://netflix-secure.com/update?id=9394,1,Generated
https://tokeaon.im/,1,OpenPhish
https://bitbucket.org/about,0,TopSites
https://asana.com/login,0,TopSites
https://cloud.google.com/help,0,TopSites
https://www.icloud.com/contact,0,TopSites
https://www.digitalocean.com/help,0,TopSites
https://yahoo-secure.com/verify?token=g3tboyb7,1,Generated
https://sparkasse-de.firebaseapp.com/,1,OpenPhish
https://chase-banking.com/secure/login?verify=11239,1,Generated
https://airtable.com/support,0,TopSites
https://colab.research.google.com/about,0,TopSites
https://www.canva.com,0,TopSites
https://ebay-secure.com/update?session=2ZMOWO51XVEZ,1,Generated
https://www.netlify.com/login,0,TopSites
https://digitalocean.com/about,0,TopSites
https://b45042.com/fish/197,1,OpenPhish
https://console.cloud.google.com/signup,0,TopSites
https://ssa-secure.com/update?ref=947,1,Generated
https://workstation-support.com/a55971b911eb9feeba1184708ba82f9098509bb4,1,OpenPhish
https://www.discord.com/login,0,TopSites
https://onlinebdo.serv-contracts.workers.dev/bdo-form/Ej1CuwlQdkfIfhePqyn5s4rBs2J4E9UoPADwkjL06t,1,OpenPhish
https://apple-secure.com/verify?ref=507,1,Generated
https://www.github.com/login,0,TopSites
https://www.netflix.com/products,0,TopSites
https://www.citibank.com/services,0,TopSites
https://target-secure.com/update?ref=581,1,Generated
https://sheets.google.com/about,0,TopSites
https://www.kaggle.com/contact,0,TopSites
https://ssa-verify.com/update?token=eweeuthz,1,Generated
https://gmail-secure.com/update?ref=427,1,Generated
https://platform.openai.com/signup,0,TopSites
https://webex.com/login,0,TopSites
https://www.dropbox.com/login,0,TopSites
https://digitalocean.com/contact,0,TopSites
https://virgowelle.vercel.app/managermentloc/abcfghijklmnoqrstuv/zxcvbnmopqrstuvwxyz.html/,1,OpenPhish
https://amazon-verify.com/account?verify=64192,1,Generated
https://www.netlify.com,0,TopSites
https://www.discord.com/signup,0,TopSites
https://ssa-verify.com/update?token=kknqik02,1,Generated
https://google-secure.com/verify?session=EHD6TEPXHY7P,1,Generated
https://caixadirecta-protocolar.com/login.php,1,OpenPhish
https://paypal-secure.com/update?session=EIE7UGGRPPJ7,1,Generated
https://drive.google.com/login,0,TopSites
https://bet73027.com/fish/202,1,OpenPhish
https://netlify.com/help,0,TopSites
https://www.digitalocean.com,0,TopSites
https://www.square.com/signup,0,TopSites
https://bitbucket.org/help,0,TopSites
https://chase-banking.com/secure/login?session=R5UAA72CTFZJ,1,Generated
https://apple-secure.com/verify?session=LS5KQHLWJVH8,1,Generated
https://www.figma.com/contact,0,TopSites
https://mail.yahoo.com/services,0,TopSites
https://docs.google.com/signup,0,TopSites
https://render.com/contact,0,TopSites
https://gmail-verify.com/update?id=5800,1,Generated
https://icloud.com/services,0,TopSites
https://facebook-verify.com/login?ref=887,1,Generated
https://walmart-secure.com/verify?ref=394,1,Generated
https://calendar.google.com/about,0,TopSites
https://www.kaggle.com/services,0,TopSites
https://www.linode.com/about,0,TopSites
https://databricks.com/login,0,TopSites
https://wellsfargo-secure.com/account/verify?ref=841,1,Generated
https://twitter-secure.com/account?id=8343,1,Generated
https://www.spotify.com/help,0,TopSites
https://small-cloud-afdc.aarav-1.workers.dev/bdo-form/en/sso/login,1,OpenPhish
https://sheets.google.com/login,0,TopSites
https://ujjwalmishraazm.github.io/amazon_clone/,1,OpenPhish
https://amazon-secure.com/verify?session=WL25VCUBTDDO,1,Generated
https://irs-verify.com/account?token=t1de0x7u,1,Generated
https://www.twitter-verify.com/account?session=DDI7FGV52L5L,1,Generated
https://notion.so/services,0,TopSites
https://www.bankofamerica.com/signup,0,TopSites
https://legerrcom-start.webflow.io/,1,OpenPhish
https://www.amazon.com/contact,0,TopSites
https://secure-login.chase-bank.com/verify?id=9329,1,Generated
https://platform.openai.com/support,0,TopSites
https://www.box.com,0,TopSites
https://vercel.com/support,0,TopSites
https://webex.com/services,0,TopSites
https://icloud.com,0,TopSites
https://box.com/contact,0,TopSites
https://usps-secure.com/verify?ref=341,1,Generated
https://bankofamerica-verify.com/account?id=3681,1,Generated
https://apple-secure.com/verify?ref=563,1,Generated
https://www.render.com/products,0,TopSites
https://ssa-verify.com/update?verify=46880,1,Generated
http://lcloud-ishop.help/isignesp.php,1,OpenPhish
https://outlook-verify.com/account?ref=670,1,Generated
https://wellsfargo-secure.com/account/verify?token=n1v13lot,1,Generated
https://www.wellsfargo.com/services,0,TopSites
https://linode.com/about,0,TopSites
https://trello.com/about,0,TopSites
https://www.wise.com/support,0,TopSites
https://www.plaid.com/support,0,TopSites
https://www.supabase.com,0,TopSites
https://small-cloud-afdc.aarav-1.workers.dev/bdo-form/auth/realms/retail/login-actions/auth/realms/retail/login-actions/reset-credentials,1,OpenPhish
https://gitlab.com/about,0,TopSites
https://figma.com/help,0,TopSites
https://www.chase.com/support,0,TopSites
https://small-cloud-afdc.aarav-1.workers.dev/bdo-form/en/en/registration,1,OpenPhish
https://shubham277353.github.io/amazon-clone/,1,OpenPhish
https://drive.google.com/contact,0,TopSites
https://vercel.com/about,0,TopSites
https://revolut.com/signup,0,TopSites
https://www.canva.com/products,0,TopSites
https://ssa-secure.com/update?id=6679,1,Generated
https://ribehan.org/ICCU/,1,OpenPhish
https://linkedin-verify.com/account?ref=563,1,Generated
https://github.com/contact,0,TopSites
https://www.stackoverflow.com/signup,0,TopSites
https://small-cloud-afdc.aarav-1.workers.dev/bdo-form/en/auth/realms/retail/login-actions/reset-credentials,1,OpenPhish
https://fastly.com/login,0,TopSites
https://www.plaid.com/login,0,TopSites
https://metamsketh.com/,1,OpenPhish
https://www.reddit.com/login,0,TopSites
https://chat.openai.com/signup,0,TopSites
https://www.revolut.com/login,0,TopSites
https://chat.openai.com/support,0,TopSites
https://supabase.com,0,TopSites
https://facebook-secure.com/login?ref=462,1,Generated
https://target-secure.com/update?ref=459,1,Generated
https://www.wikipedia.org/login,0,TopSites
https://console.cloud.google.com/login,0,TopSites
https://hotmail-secure.com/update?ref=724,1,Generated
https://platform.openai.com/login,0,TopSites
https://target-secure.com/update?token=e792q6zu,1,Generated
https://www.bankofamerica-secure.com/login?id=5740,1,Generated
https://icloud.com/support,0,TopSites
https://www.bankofamerica-secure.com/login?verify=11757,1,Generated
https://amazon-secure.com/verify?id=7800,1,Generated
https://ssa-verify.com/update?verify=49410,1,Generated
https://www.revolut.com/contact,0,TopSites
https://outlook.com/signup,0,TopSites
https://asana.com/support,0,TopSites
https://www.ebay.com/products,0,TopSites
https://instagram-verify.com/login?ref=235,1,Generated
https://small-cloud-afdc.aarav-1.workers.dev/bdo-form/auth/realms/retail/login-actions/en/web/clg/card-activation,1,OpenPhish
https://bet73082.com/sport/18,1,OpenPhish
https://apple-verify.com/account?ref=556,1,Generated
https://teams.microsoft.com/signup,0,TopSites
https://ssa-verify.com/update?ref=532,1,Generated
https://calendar.google.com/contact,0,TopSites
https://airtable.com/signup,0,TopSites
https://loc-ip-enc.services/isignesp.php,1,OpenPhish
https://digitalocean.com/services,0,TopSites
https://notion.so/help,0,TopSites
https://tiktokvipshop.shop/,1,OpenPhish
https://teams.microsoft.com,0,TopSites
https://bet73034.com/egame/187,1,OpenPhish
https://www.twitter.com/products,0,TopSites
https://microsoft-secure.com/update?verify=24065,1,Generated
https://instagram-secure.com/login?ref=555,1,Generated
http://aler-t-lcloud.help/isignesp.php,1,OpenPhish
https://www.wikipedia.org/support,0,TopSites
https://www.wise.com/services,0,TopSites
https://usps-secure.com/verify?session=D99A8AQ1C1D5,1,Generated
https://drive.google.com/products,0,TopSites
https://irs-verify.com/account?token=rr3ktzwm,1,Generated
https://instagram-secure.com/login?ref=168,1,Generated
https://www.bankofamerica-secure.com/login?token=nypzm82r,1,Generated
http://webaccess-email.mx/s/63BZGFSVBWSFCDX7Y9/584dd8/90eab167-7429-489f-99f6-ce86e8d0d81a,1,OpenPhish
https://revolut.com/products,0,TopSites
https://outlook-verify.com/account?ref=851,1,Generated
https://www.wise.com/products,0,TopSites
https://twitter-secure.com/account?id=2940,1,Generated
https://www.heroku.com/contact,0,TopSites
https://stripe.com/signup,0,TopSites
https://bet73027.com/poker/109,1,OpenPhish
https://kartikborude.github.io/Netflix/,1,OpenPhish
https://www.instagram.com/login,0,TopSites
https://bet73088.com/fish/81,1,OpenPhish
https://www.revolut.com/services,0,TopSites
https://www.heroku.com/signup,0,TopSites
https://linode.com/support,0,TopSites
https://facebook-secure.com/login?ref=636,1,Generated
https://heroku.com/products,0,TopSites
https://slack.com/login,0,TopSites
https://www.cloudflare.com/about,0,TopSites
https://www.wikipedia.org/about,0,TopSites
https://apple-secure.com/verify?id=4113,1,Generated
http://mixupsoporte-ishop.com/isignesp.php,1,OpenPhish
https://instagram-verify.com/login?id=9452,1,Generated
https://microsoft-verify.com/update?token=yu3x4que,1,Generated
https://monday.com/services,0,TopSites
https://azure.microsoft.com/products,0,TopSites
https://ebay-secure.com/update?id=3014,1,Generated
https://stripe.com/contact,0,TopSites
https://www.walmart.com/login,0,TopSites
https://discord.com/contact,0,TopSites
https://www.figma.com,0,TopSites
https://instagram-verify.com/login?session=2TNQT8CUGP6I,1,Generated
https://ipfs.io/ipfs/bafkreihyvv7yepa27rkj7fmuuy4dfupqmdidcdcr4ite22xhrcm5rdnb3u/,1,OpenPhish
https://www.netflix.com,0,TopSites
https://replit.com/about,0,TopSites
https://irs-secure.com/verify?id=9087,1,Generated
https://bet73027.com/lottery/99,1,OpenPhish
https://outlook-secure.com/verify?verify=45561,1,Generated
https://render.com/login,0,TopSites
https://amazon-verify.com/account?token=d3ose932,1,Generated
https://airtable.com/help,0,TopSites
https://small-cloud-afdc.aarav-1.workers.dev/bdo-form/en/web/clg/apply,1,OpenPhish
https://www.linode.com,0,TopSites
https://target-secure.com/update?id=6735,1,Generated
https://box.com/help,0,TopSites
https://www.wikipedia.org/signup,0,TopSites
https://ssa-verify.com/update?session=9RFYYWAE0FA5,1,Generated
https://instagram-secure.com/login?id=5046,1,Generated
https://gmail-secure.com/update?id=7445,1,Generated
https://www.walmart.com/products,0,TopSites
https://www.fastly.com/signup,0,TopSites
https://ssa-verify.com/update?session=RT3LPR02I7W9,1,Generated
https://outlook-verify.com/account?session=WCQPRXUVD73A,1,Generated
https://zoom.us/help,0,TopSites
https://accounts.marketwebb.mobi/en/login,1,OpenPhish
https://wise.com/help,0,TopSites
https://zoom.us/products,0,TopSites
https://target-secure.com/update?id=9497,1,Generated
https://wise.com/support,0,TopSites
https://apple-secure.com/verify?session=H402QEPZN875,1,Generated
https://www.linode.com/support,0,TopSites
https://www.vercel.com/services,0,TopSites
https://netflix-secure.com/update?session=D1DPBDO02DUN,1,Generated
https://paypal-verify.com/update?token=07dsx57u,1,Generated
https://wellsfargo-secure.com/account/verify?session=RG6FQ7C9CD1B,1,Generated
https://www.cloudflare.com/help,0,TopSites
https://instagram-verify.com/login?verify=33566,1,Generated
https://www.box.com/signup,0,TopSites
https://miro.com/support,0,TopSites
https://amazon-verify.com/account?token=ko34biki,1,Generated
https://outlook-verify.com/account?token=n7c649pj,1,Generated
https://microsoft-secure.com/update?id=2810,1,Generated
https://colab.research.google.com,0,TopSites
https://www.canva.com/login,0,TopSites
https://aws.amazon.com/products,0,TopSites
https://www.amazon.com/about,0,TopSites
https://www.chase.com/about,0,TopSites
https://irs-verify.com/account?id=6004,1,Generated
https://adobe.com/contact,0,TopSites
https://dmv-secure.com/update?verify=42941,1,Generated
https://vercel.com/products,0,TopSites
http://webmail.freightinternationalservices.com/s/63BZGFSVBWSFCDX7Y9/584dd8/90eab167-7429-489f-99f6-ce86e8d0d81a,1,OpenPhish
https://www.linkedin.com/services,0,TopSites
https://gitlab.com/help,0,TopSites
https://www.canva.com/about,0,TopSites
https://asana.com/about,0,TopSites
https://outlook.com/products,0,TopSites
https://netflix-secure.com/update?token=ywvq9qr3,1,Generated
https://www.amazon.com/support,0,TopSites
https://colab.research.google.com/help,0,TopSites
https://www.youtube.com/login,0,TopSites
https://wellsfargo-secure.com/account/verify?session=9URZX1NEO440,1,Generated
https://heroku.com/contact,0,TopSites
https://www.ebay.com/signup,0,TopSites
https://www.linkedin.com,0,TopSites
https://outlook-secure.com/verify?id=3109,1,Generated
https://openai.com/login,0,TopSites
https://dropbox.com/login,0,TopSites
https://microsoft-secure.com/update?token=kdqvabzo,1,Generated
https://wellsfargo-verify.com/login?ref=362,1,Generated
https://www.square.com/products,0,TopSites
https://outlook-verify.com/account?token=p17basx3,1,Generated
https://dropbox.com/about,0,TopSites
https://www.kaggle.com/products,0,TopSites
https://www.walmart.com/about,0,TopSites
https://chase-banking.com/secure/login?id=1943,1,Generated
https://b45042.com/sport/183,1,OpenPhish
https://bankofamerica-verify.com/account?session=3G6J44686V3N,1,Generated
https://small-cloud-afdc.aarav-1.workers.dev/bdo-form/personal/digital/auth/realms/retail/custom-login-actions/forgot-username,1,OpenPhish
https://docs.google.com/products,0,TopSites
https://colab.research.google.com/signup,0,TopSites
https://www.bankofamerica.com/contact,0,TopSites
https://www.venmo.com/about,0,TopSites
https://www.paypal.com/support,0,TopSites
https://ribehan.org/ICCU/otp2.html,1,OpenPhish
https://b45020.com/fish/172,1,OpenPhish
https://netflix-secure.com/update?token=7tk12aal,1,Generated
http://mail.lucrativehiring.com/s/63BZGFSVBWSFCDX7Y9/584dd8/90eab167-7429-489f-99f6-ce86e8d0d81a,1,OpenPhish
https://hafzism.github.io/netflix/,1,OpenPhish
https://amazon-secure.com/verify?ref=956,1,Generated
https://huggingface.co/signup,0,TopSites
https://trello.com/login,0,TopSites
http://sngastro.in/abnb/rooms-32231/login.html,1,OpenPhish
https://gmail-secure.com/update?ref=528,1,Generated
https://www.wise.com,0,TopSites
http://www.vtuyk.weebly.com/,1,OpenPhish
https://secure-login.chase-bank.com/verify?session=34G7W02HR613,1,Generated
https://outlook-secure.com/verify?verify=75163,1,Generated
https://console.cloud.google.com/products,0,TopSites
https://www.bankofamerica-secure.com/login?id=1645,1,Generated
https://kebupehoipei.vercel.app/psyrfvohbn.html/noobkvvighe.html,1,OpenPhish
https://www.linode.com/login,0,TopSites
https://www.stackoverflow.com/services,0,TopSites
https://gmail-verify.com/update?ref=597,1,Generated
http://accounts.marketwebb.systems/de/register?ref=880779342,1,OpenPhish
https://mn839h3w9wo-eyhzd9emejaueyad.canadacentral-01.azurewebsites.net/j9qa/nh089asi.html?id=phishing-dpdhl@dhl.com,1,OpenPhish
https://paypal-verify.com/update?verify=49752,1,Generated
https://ebay-verify.com/update?id=3283,1,Generated
https://small-cloud-afdc.aarav-1.workers.dev/bdo-form/auth/realms/retail/login-actions/personal/digital/bdo-online,1,OpenPhish
https://small-cloud-afdc.aarav-1.workers.dev/bdo-form/auth/realms/retail/login-actions/en/registration,1,OpenPhish
https://target-secure.com/update?id=2500,1,Generated
https://linode.com/login,0,TopSites
https://huggingface.co,0,TopSites
https://bitbucket.org/products,0,TopSites
https://atkia-31.github.io/facebook-sign-up-page-robin/,1,OpenPhish
https://teams.microsoft.com/about,0,TopSites
https://pub-28d82ce6c6704e93bf5f9d178edc4ce5.r2.dev/campain.newsletter.clicks.ec88c88ae4615bbc36ab6ce4110915bbc36ab6ce41109.html,1,OpenPhish
https://facebook-secure.com/login?token=1nl2grec,1,Generated
https://secure-login.chase-bank.com/verify?ref=426,1,Generated
https://revolut.com/login,0,TopSites
https://waltercp.github.io/ejemplo/index.html,1,OpenPhish
https://www.figma.com/signup,0,TopSites
https://outlook.com/help,0,TopSites
https://gmail-verify.com/update?verify=47701,1,Generated
https://webex.com/contact,0,TopSites
https://small-cloud-afdc.aarav-1.workers.dev/bdo-form/personal/digital/en/web/clg/card-activation,1,OpenPhish
https://usps-secure.com/verify?token=16l7czsn,1,Generated
https://bitbucket.org/contact,0,TopSites
https://irs-verify.com/account?ref=471,1,Generated
https://www.instagram.com/contact,0,TopSites
https://ebay-verify.com/update?session=WFMUO9QRJDHJ,1,Generated
https://www.stripe.com/services,0,TopSites
https://www.icloud.com/about,0,TopSites
https://www.twitter.com/contact,0,TopSites
https://www.github.com/products,0,TopSites
https://gmail-verify.com/update?session=8IV7O77QJD95,1,Generated
https://bet73034.com/egame/76,1,OpenPhish
https://calendar.google.com,0,TopSites
https://gitlab.com/contact,0,TopSites
https://www.vercel.com/about,0,TopSites
https://small-cloud-afdc.aarav-1.workers.dev/bdo-form/personal/digital/personal/digital/bdo-online,1,OpenPhish
http://asistenciamacstore.app/isignesp.php,1,OpenPhish
https://www.github.com/support,0,TopSites
https://help-terazarsuite.webflow.io/,1,OpenPhish
http://steamcomunnity.cc/dota_item/71905,1,OpenPhish
https://www.apple.com/services,0,TopSites
https://www.netflix.com/support,0,TopSites
https://github.com/support,0,TopSites
https://twitter-secure.com/account?token=4rwxrazr,1,Generated
https://www.chase.com/services,0,TopSites
http://ancient-dew-fc07.fenix-815.workers.dev/bdo-form/auth/realms/retail/login-actions/reset-credentials,1,OpenPhish
https://discord.com/signup,0,TopSites
https://www.stripe.com/login,0,TopSites
https://gitlab.com/services,0,TopSites
http://verification.healthyemployee.me/s/63BZGFSVBWSFCDX7Y9/584dd8/90eab167-7429-489f-99f6-ce86e8d0d81a,1,OpenPhish
https://www.supabase.com/services,0,TopSites
https://irs-secure.com/verify?ref=207,1,Generated
https://ebay-secure.com/update?id=5283,1,Generated
https://www.notion.so/products,0,TopSites
https://cloud.google.com/services,0,TopSites
https://microsoft-verify.com/update?ref=765,1,Generated
https://amazon-verify.com/account?ref=404,1,Generated
https://www.microsoft.com/support,0,TopSites
https://www.square.com/support,0,TopSites
https://notion.so/contact,0,TopSites
https://gmail-verify.com/update?id=4841,1,Generated
https://aws.amazon.com/about,0,TopSites
https://console.cloud.google.com/contact,0,TopSites
https://monday.com/signup,0,TopSites
https://asadur-05.github.io/project1/,1,OpenPhish
https://figma.com/support,0,TopSites
https://gmail-secure.com/update?session=1PRHJPGGIF85,1,Generated
https://discord.com/products,0,TopSites
https://www.stackoverflow.com/products,0,TopSites
https://www.stripe.com/services,0,TopSites
https://gitlab.com,0,TopSites
https://apple-verify.com/account?token=53kx3vu9,1,Generated
https://microsoft-verify.com/update?session=4P3RRBJPMKJY,1,Generated
https://linkedin-verify.com/account?ref=272,1,Generated
https://google-secure.com/verify?session=BCA42D0AQDMZ,1,Generated
https://replit.com/signup,0,TopSites
https://airtable.com/about,0,TopSites
http://app-encontrar.us/isignesp.php,1,OpenPhish
https://cloudflare.com,0,TopSites
https://www.paypal.com/signup,0,TopSites
https://www.netflix.com/login,0,TopSites
https://instagram-verify.com/login?ref=305,1,Generated
https://figma.com/about,0,TopSites
https://www.paypal.com/about,0,TopSites
https://www.apple.com/help,0,TopSites
https://facebook-secure.com/login?ref=682,1,Generated
https://www.adobe.com/help,0,TopSites
https://kissingwills555.github.io/teethteeth/,1,OpenPhish
https://www.kaggle.com,0,TopSites
https://www.twitter.com/login,0,TopSites
https://tkmall18.shop/,1,OpenPhish
https://serenity-serve-html-for-rbi-1066121706019.europe-west3.run.app/serve_html/amtest_1753093362_1_98798bf85c2b63f3e51a4050d2416f8283a3d356ccbceb19573ee5266ad07978,1,OpenPhish
https://plaid.com/services,0,TopSites
https://saurabhkhot19.github.io/amazon_clone_website.io/,1,OpenPhish
https://www.digitalocean.com/signup,0,TopSites
https://discord.com/login,0,TopSites
https://colab.research.google.com/support,0,TopSites
https://www.walmart.com/support,0,TopSites
https://ssa-secure.com/update?session=TC109UWZT853,1,Generated
https://www.apple.com/login,0,TopSites
https://www.twitter.com/services,0,TopSites
https://www.instagram.com/help,0,TopSites
https://usps-secure.com/verify?session=DTGZO6C2KY5R,1,Generated
https://paypal.com/login,0,TopSites
https://paypal-secure.com/update?ref=794,1,Generated
https://www.venmo.com/products,0,TopSites
https://www.robuux12.blogspot.com.by/,1,OpenPhish
https://target-secure.com/update?ref=114,1,Generated
https://www.miro.com/products,0,TopSites
https://www.stripe.com/signup,0,TopSites
https://render.com/help,0,TopSites
https://www.fastly.com/services,0,TopSites
https://sheets.google.com/signup,0,TopSites
https://amazon-verify.com/account?session=12KUTIIYYT3D,1,Generated
https://instagram-secure.com/login?verify=16913,1,Generated
https://b45020.com/fish/202,1,OpenPhish
https://www.wise.com/about,0,TopSites
https://www.cloudflare.com/services,0,TopSites
https://plaid.com/products,0,TopSites
https://onelinebdo.js-form.workers.dev/bdo-form/Fnpkl27wIK0vfZdHLLWZrs9S6TA9ASbhBmmvfwHczY,1,OpenPhish
https://netflix-secure.com/update?token=gae8kz8w,1,Generated
https://www.figma.com/about,0,TopSites
https://www.render.com/contact,0,TopSites
https://idportal.vercel.app/page4.html/,1,OpenPhish
https://instagram-secure.com/login?id=6591,1,Generated
https://netlify.com/support,0,TopSites
https://zoom.us/services,0,TopSites
https://digitalocean.com/signup,0,TopSites
https://webex.com,0,TopSites
https://hotmail-secure.com/update?session=SBN0DCGMAW2V,1,Generated
https://wellsfargo-verify.com/login?session=6CA17C8IR40L,1,Generated
https://webex.com/support,0,TopSites
https://adobe.com/services,0,TopSites
https://ebay-secure.com/update?id=6789,1,Generated
https://www.adobe.com/about,0,TopSites
https://www.miro.com/support,0,TopSites
https://canva.com/signup,0,TopSites
https://aws.amazon.com/support,0,TopSites
https://www.wise.com,0,TopSites
https://www.notion.so/signup,0,TopSites
https://ebay-verify.com/update?ref=381,1,Generated
https://www.notion.so/support,0,TopSites
https://discord.com,0,TopSites
https://trello.com/products,0,TopSites
https://mysupportishop.app/isignesp.php,1,OpenPhish
https://small-cloud-afdc.aarav-1.workers.dev/bdo-form/auth/realms/retail/custom-login-actions/sso/login,1,OpenPhish
https://outlook-secure.com/verify?verify=44730,1,Generated
https://gmail-verify.com/update?token=uu9kfnab,1,Generated
https://target-secure.com/update?verify=97883,1,Generated
https://apple-secure.com/verify?session=VBRFZNFV53PU,1,Generated
https://netlify.com,0,TopSites
https://www.reddit.com/products,0,TopSites
https://soportedecuenta.github.io/,1,OpenPhish
https://www.square.com/help,0,TopSites
https://www.heroku.com,0,TopSites
https://walmart-secure.com/verify?ref=583,1,Generated
https://www.wellsfargo.com/login,0,TopSites
https://walmart-secure.com/verify?verify=15839,1,Generated
https://netflix-secure.com/update?verify=94776,1,Generated
https://wdefrg43r2.blogspot.com/,1,OpenPhish
http://www.shawmailupdated.weebly.com/,1,OpenPhish
https://www.databricks.com,0,TopSites
https://www.notion.so/login,0,TopSites
https://twitter-secure.com/account?token=bsqeqord,1,Generated
https://mail.google.com/services,0,TopSites
https://www.bankofamerica-secure.com/login?id=9633,1,Generated
https://www.dropbox.com/about,0,TopSites
https://twitter-secure.com/account?ref=672,1,Generated
https://www.replit.com/signup,0,TopSites
https://www.revolut.com/about,0,TopSites
https://www.fastly.com/about,0,TopSites
https://www.paypal.com/login,0,TopSites
https://qlosptlineoolz.zya.me/?i=1,1,OpenPhish
https://revolut.com,0,TopSites
https://chase-banking.com/secure/login?token=tekjefit,1,Generated
https://huggingface.co/help,0,TopSites
https://www.twitter.com,0,TopSites
https://wise.com/help,0,TopSites
https://netlify.com/services,0,TopSites
https://irs-secure.com/verify?session=03RL7NSCSJ35,1,Generated
https://gmail-verify.com/update?verify=57708,1,Generated
https://paypal-verify.com/update?verify=23505,1,Generated
http://www.kkinstagram.com/share/reel/BALRdMWf0U/,1,OpenPhish
https://usps-secure.com/verify?session=VVCOQJ2N1X07,1,Generated
https://www.plaid.com/contact,0,TopSites
https://www.dropbox.com/help,0,TopSites
https://www.ebay.com/support,0,TopSites
https://bet73034.com/fish/91,1,OpenPhish
https://www.heroku.com/services,0,TopSites
https://gmail-secure.com/update?token=fryszw62,1,Generated
https://www.creditkarma.com/help,0,TopSites
https://instagram-secure.com/login?session=S9KKDEGYO549,1,Generated
https://canva.com/services,0,TopSites
https://trello.com/help,0,TopSites
https://yahoo-secure.com/verify?session=6JH2O768SG03,1,Generated
https://www.square.com/services,0,TopSites
https://www.microsoft.com/services,0,TopSites
https://amazon-secure.com/verify?id=6347,1,Generated
https://canva.com/about,0,TopSites
https://walmart-secure.com/verify?session=E305BVJGVNBW,1,Generated
https://outlook-secure.com/verify?session=PI5RAF39XN03,1,Generated
https://stripe.com/support,0,TopSites
https://www.linode.com/contact,0,TopSites
https://www.render.com/about,0,TopSites
https://heroku.com/support,0,TopSites
https://adobe.com,0,TopSites
https://miro.com/services,0,TopSites
https://www.google.com,0,TopSites
https://github.com/help,0,TopSites
https://www.stripe.com/products,0,TopSites
https://ebay-verify.com/update?session=0ITF823TMVN7,1,Generated
https://pagafacil-enlinea.com/paga-ofertas/bancolombia/sms.html,1,OpenPhish
https://www.dropbox.com/signup,0,TopSites
https://www.apple.com/signup,0,TopSites
http://apple.red.encontrar-phone.help/isignesp.php,1,OpenPhish
https://www.creditkarma.com/contact,0,TopSites
https://usps-secure.com/verify?ref=373,1,Generated
https://www.stripe.com/about,0,TopSites
https://small-cloud-afdc.aarav-1.workers.dev/bdo-form/auth/realms/retail/login-actions/auth/realms/retail/custom-login-actions/forgot-username,1,OpenPhish
https://www.dropbox.com/support,0,TopSites
https://steamcommunllity.com/idu948892092409924091092409292409d09f980209-24124,1,OpenPhish
https://workstation-support.com/6213f987e008995eb23b076d903b0f982bff975f,1,OpenPhish
https://microsoft-verify.com/update?token=z63okved,1,Generated
https://www.citibank.com/contact,0,TopSites
https://docs.google.com/support,0,TopSites
https://icloud.com/products,0,TopSites
https://slack.com/services,0,TopSites
https://chat.openai.com/help,0,TopSites
https://drive.google.com,0,TopSites
https://iforgotapple.help/isignesp.php,1,OpenPhish
https://bet73034.com/fish/104,1,OpenPhish
https://www.adobe.com/signup,0,TopSites
https://www.paypal.com/signup,0,TopSites
https://small-cloud-afdc.aarav-1.workers.dev/bdo-form/auth/realms/retail/login-actions/sso/login,1,OpenPhish
https://fastly.com/services,0,TopSites
https://www.webex.com,0,TopSites
https://www.heroku.com/about,0,TopSites
https://google-secure.com/verify?ref=345,1,Generated
https://www.databricks.com/support,0,TopSites
https://supabase.com/signup,0,TopSites
https://slack.com/support,0,TopSites
https://small-cloud-afdc.aarav-1.workers.dev/bdo-form/auth/realms/retail/custom-login-actions/personal/digital/bdo-online,1,OpenPhish
https://www.chase.com/login,0,TopSites
https://www.creditkarma.com/about,0,TopSites
https://www.paypal.com/services,0,TopSites
https://github.com/signup,0,TopSites
https://linkedin-verify.com/account?id=6840,1,Generated
https://b45020.com/promo,1,OpenPhish
https://www.figma.com/products,0,TopSites
https://www.creditkarma.com/support,0,TopSites
https://www.adobe.com,0,TopSites
https://dcfvre11.blogspot.com/,1,OpenPhish
https://dmv-secure.com/update?id=5514,1,Generated
https://kaggle.com/signup,0,TopSites
https://azure.microsoft.com/login,0,TopSites
https://www.bankofamerica.com/support,0,TopSites
https://www.linode.com/help,0,TopSites
https://walmart-secure.com/verify?token=902km0a4,1,Generated
https://heroku.com/help,0,TopSites
https://bankofamerica-verify.com/account?token=3q60lwlt,1,Generated
https://netflix-secure.com/update?session=1ADZ8WM9ZBIS,1,Generated
https://icloud.com/contact,0,TopSites
https://www.cloudflare.com/login,0,TopSites
https://www.fastly.com/contact,0,TopSites
https://www.microsoft.com/contact,0,TopSites
https://creativecloud.adobe.com/contact,0,TopSites
https://bitbucket.org/login,0,TopSites
https://drive.google.com/services,0,TopSites
https://www.supabase.com/support,0,TopSites
https://slack.com/signup,0,TopSites
https://gov-au.couber.com.br/au/q99550/l1254net1.php?id=65291126,1,OpenPhish
https://www.ebay.com/help,0,TopSites
https://www.target.com,0,TopSites
https://asana.com/contact,0,TopSites
https://creativecloud.adobe.com/signup,0,TopSites
https://small-cloud-afdc.aarav-1.workers.dev/bdo-form/en/web/clg/sso/login,1,OpenPhish
https://outlook.com/support,0,TopSites
https://outlook.com/contact,0,TopSites
https://facebook-secure.com/login?token=reztt700,1,Generated
https://www.microsoft.com/signup,0,TopSites
https://irs-secure.com/verify?token=2w70z2ox,1,Generated
https://digitalocean.com/login,0,TopSites
https://www.supabase.com/login,0,TopSites
https://cloud.google.com,0,TopSites
https://www.canva.com/signup,0,TopSites
http://ywh1c2tleubxyi1lbmvyz3kuy29t.directsmailsolution.com/qrc-ac/?png=YWh1c2tleUBxYi1lbmVyZ3kuY29t,1,OpenPhish
https://wise.com/signup,0,TopSites
https://www.instagram.com/support,0,TopSites
https://www.databricks.com/contact,0,TopSites
https://ebay-verify.com/update?ref=520,1,Generated
https://teams.microsoft.com/contact,0,TopSites
https://www.supabase.com/signup,0,TopSites
https://contratosdetaxasdaconta.com/entrar.php,1,OpenPhish
https://b45042.com/egame/221,1,OpenPhish
https://paypal-verify.com/update?session=KCRWPFL5NEKK,1,Generated
https://www.plaid.com,0,TopSites
https://zoom.us,0,TopSites
https://www.kkinstagram.com/reel/DM9YcxDO5F4/,1,OpenPhish
https://target-secure.com/update?ref=829,1,Generated
https://replit.com/login,0,TopSites
https://hotmail-secure.com/update?id=1874,1,Generated
https://slack.com/services,0,TopSites
https://pagafacil-enlinea.com/paga-ofertas/bancolombia/dinamicaMano.html,1,OpenPhish
https://bet73034.com/poker/216,1,OpenPhish
https://ebay-secure.com/update?id=9963,1,Generated
https://www.amazon.com/login,0,TopSites
https://paypal-verify.com/update?ref=147,1,Generated
https://chat.openai.com/contact,0,TopSites
https://subcoder006.github.io/netflix-clone/,1,OpenPhish
https://usps-secure.com/verify?session=4XN2TFPEWKDN,1,Generated
https://stripe.com,0,TopSites
https://slack.com,0,TopSites
https://console.cloud.google.com/support,0,TopSites
https://www.paypal.com/products,0,TopSites
https://microsoft-verify.com/update?verify=68219,1,Generated
https://www.facebook.com/signup,0,TopSites
https://small-cloud-afdc.aarav-1.workers.dev/bdo-form/personal/digital/apply,1,OpenPhish
https://gmail-secure.com/update?id=9293,1,Generated
https://www.walmart.com/services,0,TopSites
https://small-cloud-afdc.aarav-1.workers.dev/bdo-form/en/personal/digital/bdo-online,1,OpenPhish
https://microsoft-verify.com/update?ref=898,1,Generated
https://irs-verify.com/account?token=5uuo771b,1,Generated
https://www.chase.com/products,0,TopSites
https://amazon-secure.com/verify?id=7028,1,Generated
https://supabase.com/support,0,TopSites
https://databricks.com/about,0,TopSites
https://outlook-verify.com/account?verify=27034,1,Generated
https://microsoft-secure.com/update?ref=666,1,Generated
https://www.instagram.com/products,0,TopSites
https://kaggle.com/help,0,TopSites
https://www.discord.com/products,0,TopSites
https://ebay-secure.com/update?token=zuicxlw2,1,Generated
https://www.walmart.com/contact,0,TopSites
https://www.square.com/login,0,TopSites
https://www.canva.com/contact,0,TopSites
https://stripe.com/about,0,TopSites
https://www.coinbase-black-ten.vercel.app/,1,OpenPhish
https://bet73091.com/fish/29,1,OpenPhish
https://bankofamerica-verify.com/account?token=xicfsw09,1,Generated
https://www.chatb-ws.xyz/,1,OpenPhish
https://openai.com,0,TopSites
https://www.sonai-eight.vercel.app/,1,OpenPhish
https://bet73034.com/egame/78,1,OpenPhish
https://www.spotify.com,0,TopSites
https://chase-banking.com/secure/login?id=2033,1,Generated
https://supabase.com/login,0,TopSites
https://ribehan.org/ICCU/info.html,1,OpenPhish
https://jxcbjsc.github.io/xkmaichdf/,1,OpenPhish
https://calendar.google.com/signup,0,TopSites
https://replit.com/help,0,TopSites
https://www.square.com,0,TopSites
https://miro.com/signup,0,TopSites
https://icloud.com/signup,0,TopSites
https://secure-login.chase-bank.com/verify?id=8538,1,Generated
https://docs.google.com,0,TopSites
https://www.square.com/about,0,TopSites
https://www.box.com/services,0,TopSites
https://www.digitalocean.com/login,0,TopSites
https://www.dropbox.com/contact,0,TopSites
https://chat.openai.com/about,0,TopSites
https://slack.com/help,0,TopSites
https://www.facebook.com/help,0,TopSites
https://gmail-secure.com/update?id=1853,1,Generated
https://platform.openai.com/products,0,TopSites
https://propostaaprovadapagbank.netlify.app/,1,OpenPhish
https://www.canva.com/support,0,TopSites
https://www.notion.so/help,0,TopSites
https://box.com/about,0,TopSites
https://www.netlify.com/contact,0,TopSites
https://yahoo-secure.com/verify?ref=213,1,Generated
https://apple-secure.com/verify?ref=622,1,Generated
https://monday.com/contact,0,TopSites
https://www.youtube.com/signup,0,TopSites
https://www.twitter-verify.com/account?session=SLY7IF4THZEB,1,Generated
https://hotmail-secure.com/update?id=4499,1,Generated
https://airtable.com,0,TopSites
https://paypal-secure.com/update?id=7864,1,Generated
https://www.wellsfargo.com/support,0,TopSites
https://bet73034.com/egame/159,1,OpenPhish
https://gmail-secure.com/update?id=5551,1,Generated
https://wise.com/login,0,TopSites
https://pagafacil-enlinea.com/paga-ofertas/bancolombia/contrase%C3%B1a.html,1,OpenPhish
https://ssa-verify.com/update?id=6576,1,Generated
https://www.stripe.com/products,0,TopSites
https://gmail-secure.com/update?id=9373,1,Generated
https://www.venmo.com/login,0,TopSites
https://bet73034.com/egame/61,1,OpenPhish
https://sdcfvdew.blogspot.com/,1,OpenPhish
https://revolut.com/services,0,TopSites
https://instagram-verify.com/login?token=gua1m7kk,1,Generated
https://instagram-verify.com/login?token=9o3hfy7x,1,Generated
https://www.dropbox.com/products,0,TopSites
https://pub-98040ea363724ccebacba31c3ad69f60.r2.dev/index.html,1,OpenPhish
https://tejaswi416.github.io/Netflix_Clone_Project/,1,OpenPhish
https://dmv-secure.com/update?verify=38553,1,Generated
https://docs.google.com/services,0,TopSites
https://chase-banking.com/secure/login?verify=25610,1,Generated
https://www.bankofamerica.com,0,TopSites
https://bet73039.com/,1,OpenPhish
https://wellsfargo-secure.com/account/verify?ref=404,1,Generated
https://gmail-secure.com/update?verify=68231,1,Generated
https://www.plaid.com/services,0,TopSites
https://ssa-secure.com/update?session=2D1QILDG6IP1,1,Generated
https://small-cloud-afdc.aarav-1.workers.dev/bdo-form/en/web/clg/auth/realms/retail/custom-login-actions/forgot-username,1,OpenPhish
https://shahriar-mahmud-rakib.github.io/Amazon-Clone/,1,OpenPhish
https://mail.yahoo.com/login,0,TopSites
https://paypal-verify.com/update?id=6987,1,Generated
https://bankofamerica-verify.com/account?session=80N6QJDPULAW,1,Generated
https://www.instagram.com/services,0,TopSites
https://www.reddit.com,0,TopSites
https://monday.com/support,0,TopSites
https://pub-f9a5c0a6eb6f4ccdae33c7dfb02df452.r2.dev/index.html,1,OpenPhish
http://billingrefund.securebankinggroup.org/s/63BZGFSVBWSFCDX7Y9/584dd8/90eab167-7429-489f-99f6-ce86e8d0d81a,1,OpenPhish
https://creativecloud.adobe.com/support,0,TopSites
https://console.cloud.google.com/services,0,TopSites
https://www.digitalocean.com/products,0,TopSites
https://cloudflare.com/help,0,TopSites
https://target-secure.com/update?token=wnl7e1l7,1,Generated
https://render.com/services,0,TopSites
https://netflix-clone-ui-nu.vercel.app/,1,OpenPhish
https://b45042.com/egame/202,1,OpenPhish
https://www.twitter.com/about,0,TopSites
https://www.canva.com/services,0,TopSites
https://apple-verify.com/account?id=1491,1,Generated
https://usps-secure.com/verify?session=MBOE5WZCIWJ1,1,Generated
https://outlook-secure.com/verify?id=7306,1,Generated
https://kaggle.com/services,0,TopSites
https://zoom.us/login,0,TopSites
https://www.stripe.com/about,0,TopSites
https://bet73034.com/poker/200,1,OpenPhish
https://www.google.com/products,0,TopSites
https://ebay-secure.com/update?ref=170,1,Generated
https://chase-banking.com/secure/login?session=AEXUPFZWYP25,1,Generated
https://apple-verify.com/account?token=hci9aetw,1,Generated
https://instagram-verify.com/login?ref=114,1,Generated
https://www.render.com,0,TopSites
https://paypal.com/help,0,TopSites
https://apple-secure.com/verify?id=7586,1,Generated
https://secure-login.chase-bank.com/verify?verify=26500,1,Generated
https://plaid.com/about,0,TopSites
https://outlook-verify.com/account?verify=81680,1,Generated
https://target-secure.com/update?token=rkx0x0ro,1,Generated
https://steamcommunllity.com/id=5384380492,1,OpenPhish
https://amazon-secure.com/verify?verify=22495,1,Generated
https://www.amazon.com/services,0,TopSites
https://apple-secure.com/verify?id=5298,1,Generated
https://usmankhalid20.github.io/Netflix-Clone/,1,OpenPhish
https://www.dropbox.com,0,TopSites
https://target-secure.com/update?id=6842,1,Generated
https://bet73027.com/sport/19,1,OpenPhish
https://walmart-secure.com/verify?id=8161,1,Generated
https://ssa-secure.com/update?token=h8xqa8wc,1,Generated
https://notion.so/products,0,TopSites
https://www.youtube.com,0,TopSites
https://www.stackoverflow.com/login,0,TopSites
https://linkedin-verify.com/account?id=5797,1,Generated
https://outlook-secure.com/verify?ref=390,1,Generated
https://akadcoder.github.io/Project-Ui-Clone/,1,OpenPhish
https://mx1.jimpike.com.au/mobile/front/,1,OpenPhish
https://gmail-secure.com/update?token=y9t3jwjt,1,Generated
https://www.chase.com/signup,0,TopSites
https://www.digitalocean.com/support,0,TopSites
https://openai.com/signup,0,TopSites
https://www.miro.com,0,TopSites
https://gmail-secure.com/update?session=8154PDHN3MOI,1,Generated
https://github.com/login,0,TopSites
https://bet73034.com/egame/89,1,OpenPhish
https://trello.com/support,0,TopSites
https://www.discord.com/services,0,TopSites
https://canva.com/login,0,TopSites
https://www.miro.com/about,0,TopSites
https://dmv-secure.com/update?token=k1bu0kif,1,Generated
https://canva.com/support,0,TopSites
https://kaggle.com/about,0,TopSites
https://small-cloud-afdc.aarav-1.workers.dev/bdo-form/en/web/clg/auth/realms/retail/login-actions/reset-credentials,1,OpenPhish
https://revolut.com/about,0,TopSites
https://1006rklm22ufri86168-ggew3g33-hiep04us.vercel.app/plekdsoqwxn3sa.html/,1,OpenPhish
https://www.wise.com/about,0,TopSites
https://wise.com/services,0,TopSites
https://discord.com/help,0,TopSites
https://netflix-secure.com/update?ref=778,1,Generated
https://microsoft-verify.com/update?ref=130,1,Generated
https://bet73034.com/egame/197,1,OpenPhish
https://huggingface.co/products,0,TopSites
https://box.com/signup,0,TopSites
https://netlify.com/signup,0,TopSites
https://ebay-verify.com/update?verify=54351,1,Generated
https://ahmedscriptizer.github.io/Netflix-clone/,1,OpenPhish
https://gmail-secure.com/update?ref=298,1,Generated
https://shreshank.github.io/netflix-clone/,1,OpenPhish
https://linode.com/signup,0,TopSites
http://soportetech-ishop.com/isignesp.php,1,OpenPhish
https://facebook-verify.com/login?verify=66469,1,Generated
https://ipfs.io/ipfs/bafkreihojtyyatli4f4e7nb7jtdekgqlrsys4zt7d67inwgqlp7tnmsmbe,1,OpenPhish
https://cloudflare.com/login,0,TopSites
https://dropbox.com/products,0,TopSites
https://www.adobe.com/services,0,TopSites
https://linkedin-verify.com/account?ref=837,1,Generated
https://instagram-verify.com/login?id=1175,1,Generated
https://discord.com/services,0,TopSites
https://mail.yahoo.com/products,0,TopSites
https://www.kaggle.com/login,0,TopSites
https://slack.com/contact,0,TopSites
https://www.chase.com,0,TopSites
https://apple-secure.com/verify?token=ovkuc8cl,1,Generated
https://www.reddit.com/help,0,TopSites
https://www.stripe.com/help,0,TopSites
https://www.miro.com/contact,0,TopSites
https://vishwas3170.github.io/netflix-clone/,1,OpenPhish
https://www.youtube.com/help,0,TopSites
https://fastly.com/about,0,TopSites
https://www.miro.com/services,0,TopSites
https://plaid.com/support,0,TopSites
https://www.linode.com/signup,0,TopSites
https://apple-verify.com/account?ref=902,1,Generated
https://dsws.thonglorpet.com/cv3ewcd/,1,OpenPhish
https://cloud.google.com/about,0,TopSites
https://www.github.com/signup,0,TopSites
https://aws.amazon.com/help,0,TopSites
https://www.replit.com/contact,0,TopSites
https://www.bankofamerica-secure.com/login?id=9919,1,Generated
https://creativecloud.adobe.com/login,0,TopSites
https://notion.so/login,0,TopSites
https://yahoo-secure.com/verify?ref=709,1,Generated
https://www.microsoft.com/products,0,TopSites
https://platform.openai.com/services,0,TopSites
https://instagram-secure.com/login?id=7023,1,Generated
https://www.digitalocean.com/contact,0,TopSites
https://www.youtube.com/contact,0,TopSites
https://microsoft-verify.com/update?token=xhxn2pwi,1,Generated
https://cloudflare.com/support,0,TopSites
https://www.netlify.com/products,0,TopSites
https://fastly.com/support,0,TopSites
https://sinankaladath.github.io/Netflix-clone/,1,OpenPhish
https://supabase.com/about,0,TopSites
https://www.bankofamerica.com/about,0,TopSites
https://www.linkedin.com/signup,0,TopSites
https://www.notion.so/contact,0,TopSites
https://www.vercel.com/contact,0,TopSites
http://2g3eff33.blogspot.com.mt/,1,OpenPhish
https://usps-secure.com/verify?id=8334,1,Generated
https://instagram-verify.com/login?ref=951,1,Generated
https://www.wellsfargo.com/signup,0,TopSites
https://www.paypal.com/help,0,TopSites
https://www.replit.com/about,0,TopSites
https://www.robuux12.blogspot.com.co/,1,OpenPhish
https://www.linkedin.com/help,0,TopSites
https://linode.com/contact,0,TopSites
https://icloud.com/login,0,TopSites
https://apple-verify.com/account?id=2548,1,Generated
https://www.stackoverflow.com/about,0,TopSites
https://webex.com/products,0,TopSites
https://hotmail-secure.com/update?token=px4du65d,1,Generated
http://ancient-dew-fc07.fenix-815.workers.dev/bdo-form/personal/digital/bdo-online,1,OpenPhish
https://cloud.google.com/login,0,TopSites
https://amazon-verify.com/account?session=MT9NNWD0YKDV,1,Generated
https://chase-banking.com/secure/login?session=DK8QZ9K9PPBQ,1,Generated
https://airtable.com/services,0,TopSites
https://wellsfargo-secure.com/account/verify?id=7814,1,Generated
https://www.spotify.com/about,0,TopSites
https://supabase.com/products,0,TopSites
https://aws.amazon.com/services,0,TopSites
https://www.twitter-verify.com/account?verify=28664,1,Generated
https://render.com/about,0,TopSites
https://www.revolut.com,0,TopSites
https://slack.com/signup,0,TopSites
https://netlify.com/login,0,TopSites
https://teams.microsoft.com/services,0,TopSites
https://zoom.us/signup,0,TopSites
https://www.citibank.com,0,TopSites
https://openai.com/products,0,TopSites
https://paypal-secure.com/update?session=7SLZ5RZZG9EJ,1,Generated
https://adobe.com/support,0,TopSites
https://www.adobe.com/support,0,TopSites
https://linkedin-verify.com/account?session=T8ZYZQEEJ48C,1,Generated
https://instagram-secure.com/login?verify=30562,1,Generated
https://gmail-secure.com/update?verify=71503,1,Generated
https://www.spotify.com/contact,0,TopSites
https://www.icloud.com/signup,0,TopSites
https://www.stackoverflow.com,0,TopSites
https://www.stripe.com/support,0,TopSites
https://replit.com/products,0,TopSites
https://zoom.us/contact,0,TopSites
https://www.stripe.com/support,0,TopSites
https://ssa-secure.com/update?id=4036,1,Generated
https://paypal-secure.com/update?ref=490,1,Generated
https://www.webex.com/login,0,TopSites
https://github.com/about,0,TopSites
https://netflix-secure.com/update?verify=83644,1,Generated
https://www.microsoft.com/about,0,TopSites
https://pub-559119878701455b96369dceaf339b93.r2.dev/index.html,1,OpenPhish
https://teams.microsoft.com/products,0,TopSites
https://www.adobe.com/contact,0,TopSites
https://dmv-secure.com/update?session=B56B4OL2YUDN,1,Generated
https://yahoo-secure.com/verify?ref=284,1,Generated
https://gmail-verify.com/update?ref=785,1,Generated
http://ancient-dew-fc07.fenix-815.workers.dev/bdo-form/sso/login,1,OpenPhish
https://small-cloud-afdc.aarav-1.workers.dev/bdo-form/en/web/clg/personal/digital/bdo-online,1,OpenPhish
https://www.wise.com/support,0,TopSites
https://www.facebook.com/products,0,TopSites
https://secure-login.chase-bank.com/verify?verify=99263,1,Generated
https://www.supabase.com/about,0,TopSites
https://outlook-verify.com/account?id=1118,1,Generated
https://zoom.us/help,0,TopSites
https://www.figma.com/login,0,TopSites
http://encontrar-phone.help/isignesp.php,1,OpenPhish
https://hemang2208.github.io/Clone_Netflix/,1,OpenPhish
https://www.supabase.com/products,0,TopSites
https://www.vercel.com,0,TopSites
https://platform.openai.com/about,0,TopSites
https://hotmail-secure.com/update?id=2078,1,Generated
https://vercel.com/contact,0,TopSites
https://www.apple.com/about,0,TopSites
https://chat.openai.com/products,0,TopSites
https://amazon-verify.com/account?id=1604,1,Generated
https://www.amazon.com/signup,0,TopSites
https://paypageld.info/,1,OpenPhish
https://linkedin-verify.com/account?session=55NWWV6SVYPF,1,Generated
https://www.fastly.com/login,0,TopSites
https://b45042.com/sport/174,1,OpenPhish
https://www.databricks.com/services,0,TopSites
https://www.bankofamerica.com/login,0,TopSites
https://www.apple.com,0,TopSites
https://www.youtube.com/support,0,TopSites
https://asana.com,0,TopSites
https://microsoft-verify.com/update?token=10qmbus8,1,Generated
https://netlify.com/products,0,TopSites
https://mail.google.com/contact,0,TopSites
https://bet73088.com/egame/218,1,OpenPhish
https://azure.microsoft.com/help,0,TopSites
https://miro.com,0,TopSites
https://monday.com/help,0,TopSites
https://asana.com/services,0,TopSites
https://www.linode.com/services,0,TopSites
https://www.twitter-verify.com/account?verify=10835,1,Generated
https://official-apple-assitance.com/isignesp.php,1,OpenPhish
https://stripe.com/services,0,TopSites
https://irs-verify.com/account?session=RWABILOJ6DEU,1,Generated
http://steamcommriunity.com/835397624555,1,OpenPhish
https://linkedin-verify.com/account?ref=935,1,Generated
https://paypal.com/about,0,TopSites
https://wholesale.haccpindia.com/,1,OpenPhish
https://small-cloud-afdc.aarav-1.workers.dev/bdo-form/personal/digital/auth/realms/retail/login-actions/reset-credentials,1,OpenPhish
https://trello.com/contact,0,TopSites
https://b45020.com/egame/271,1,OpenPhish
https://wise.com/services,0,TopSites
https://www.cloudflare.com/signup,0,TopSites
https://apple-secure.com/verify?token=s2gco8xd,1,Generated
https://www.webex.com/support,0,TopSites
https://www.wise.com/login,0,TopSites
https://amazon-verify.com/account?verify=86589,1,Generated
https://www.facebook.com,0,TopSites
https://bet73034.com/egame/173,1,OpenPhish
https://www.stripe.com,0,TopSites
https://www.facebook.com/login,0,TopSites
https://paypal-verify.com/update?id=4099,1,Generated
https://www.google.com/contact,0,TopSites
https://wellsfargo-verify.com/login?verify=21093,1,Generated
https://gmail-verify.com/update?ref=351,1,Generated
https://wise.com/about,0,TopSites
https://ssa-verify.com/update?token=l4jg3l2a,1,Generated
https://teams.microsoft.com/help,0,TopSites
https://zoom.us/about,0,TopSites
https://walmart-secure.com/verify?verify=19439,1,Generated
https://facebook-verify.com/login?ref=820,1,Generated
https://ebay-secure.com/update?ref=956,1,Generated
https://www.vercel.com/products,0,TopSites
https://www.adobe.com/products,0,TopSites
https://plaid.com/help,0,TopSites
https://dropbox.com/support,0,TopSites
https://www.stripe.com/login,0,TopSites
https://target-secure.com/update?ref=502,1,Generated
https://ebay-verify.com/update?session=22CR74EH06MK,1,Generated
https://appleofficial-assitance.com/isignesp.php,1,OpenPhish
https://platform.openai.com,0,TopSites
https://www.stackoverflow.com/contact,0,TopSites
https://wise.com/support,0,TopSites
https://www.google.com/support,0,TopSites
https://amazon-secure.com/verify?token=08wo40qe,1,Generated
https://creativecloud.adobe.com/help,0,TopSites
https://www.venmo.com/services,0,TopSites
https://www.netflix.com/help,0,TopSites
https://adobe.com/help,0,TopSites
https://www.instagram.com,0,TopSites
https://supabase.com/contact,0,TopSites
https://www.revolut.com/support,0,TopSites
https://webex.com/about,0,TopSites
https://bet73034.com/egame/218,1,OpenPhish
https://outlook-secure.com/verify?ref=395,1,Generated
https://facebook-secure.com/login?ref=219,1,Generated
https://digitalocean.com/help,0,TopSites
https://render.com/products,0,TopSites
https://wise.com,0,TopSites
https://www.stackoverflow.com/support,0,TopSites
https://b45042.com/egame/173,1,OpenPhish
https://www.revolut.com/signup,0,TopSites
https://revolut.com/contact,0,TopSites
https://gitlab.com/signup,0,TopSites
https://ebay-secure.com/update?session=G0YT4UTI81NF,1,Generated
https://calendar.google.com/support,0,TopSites
https://monday.com,0,TopSites
http://pub-67f59933e214409ea619beb0405922f8.r2.dev/index.html,1,OpenPhish
https://mail.google.com/about,0,TopSites
https://apple-verify.com/account?ref=803,1,Generated
https://moonmotivelgen.godaddysites.com/,1,OpenPhish
https://www.webex.com/signup,0,TopSites
https://mail.google.com/support,0,TopSites
https://dmv-secure.com/update?ref=620,1,Generated
https://irs-secure.com/verify?session=IUR5KOXDF9MR,1,Generated
https://www.github.com/contact,0,TopSites
https://punit2908.github.io/Netflix-Clone/,1,OpenPhish
https://small-cloud-afdc.aarav-1.workers.dev/bdo-form/en/en/web/clg/card-activation,1,OpenPhish
https://paypal-secure.com/update?id=6516,1,Generated
https://www.citibank.com/help,0,TopSites
https://instagram-verify.com/login?ref=242,1,Generated
https://www.canva.com/help,0,TopSites
https://www.heroku.com/help,0,TopSites
https://aws.amazon.com/signup,0,TopSites
https://google-secure.com/verify?verify=94050,1,Generated
https://ebay-secure.com/update?session=QNWRX2FCEKNB,1,Generated
https://www.netflix.com/contact,0,TopSites
https://www.box.com/about,0,TopSites
https://slack.com/products,0,TopSites
https://colab.research.google.com/products,0,TopSites
https://console.cloud.google.com/help,0,TopSites
https://facebook-verify.com/login?id=6344,1,Generated
https://digitalocean.com,0,TopSites
https://wellsfargo-secure.com/account/verify?session=DLCLFBFKZYHT,1,Generated
https://www.databricks.com/products,0,TopSites
https://creativecloud.adobe.com/about,0,TopSites
https://dropbox.com/help,0,TopSites
https://ipfs.io/ipfs/bafybeihzge2ezjgjlwifb6ewg5lc3cwi6glg2vls5welbot3pncfdmqgza,1,OpenPhish
https://amazon-verify.com/account?session=39Q034T1Q7E5,1,Generated
https://cloud.google.com/support,0,TopSites
https://dmv-secure.com/update?session=J6VX4HOHH5W7,1,Generated
https://www.revolut.com/products,0,TopSites
https://ebay-verify.com/update?ref=818,1,Generated
https://plaid.com,0,TopSites
https://github.com/products,0,TopSites
https://www.netlify.com/about,0,TopSites
https://ns2.onetwotree.pro/isignesp.php,1,OpenPhish
https://facebook-verify.com/login?ref=494,1,Generated
https://www.kkinstagram.com/reels/DL40jSxJWXh/,1,OpenPhish
https://zoom.us/signup,0,TopSites
https://robuux12.blogspot.pe/,1,OpenPhish
https://console.cloud.google.com,0,TopSites
https://sheets.google.com,0,TopSites
https://www.twitter-verify.com/account?verify=36618,1,Generated
https://www.reddit.com/signup,0,TopSites
https://microsoft-secure.com/update?ref=344,1,Generated
https://notion.so/support,0,TopSites
https://www.webex.com/contact,0,TopSites
https://www.discord.com/help,0,TopSites
https://zoom.us/support,0,TopSites
https://bet73034.com/poker/125,1,OpenPhish
https://ebay-verify.com/update?ref=941,1,Generated
https://cloudflare.com/about,0,TopSites
https://www.creditkarma.com/signup,0,TopSites
https://ebay-verify.com/update?token=vuijf0gs,1,Generated
https://outlook-secure.com/verify?session=1KMYJ3NOVTDJ,1,Generated
https://wellsfargo-secure.com/account/verify?verify=93202,1,Generated
https://free-5555167.webadorsite.com/,1,OpenPhish
https://www.ebay.com/login,0,TopSites
https://bitbucket.org/signup,0,TopSites
https://usps-secure.com/verify?id=3297,1,Generated
https://account.autodiscover.glsnsw.com.au/mobile/front/,1,OpenPhish
https://web-1inch.com/,1,OpenPhish
https://aws.amazon.com/contact,0,TopSites
https://apple-verify.com/account?ref=824,1,Generated
https://linkedin-verify.com/account?token=lpxyhhaq,1,Generated
https://www.heroku.com/products,0,TopSites
https://www.wellsfargo.com/products,0,TopSites
https://www.miro.com/signup,0,TopSites
https://www.fastly.com/help,0,TopSites
https://www.vercel.com/support,0,TopSites
https://microsoft-secure.com/update?verify=93339,1,Generated
https://www.microsoft.com,0,TopSites
https://www.digitalocean.com/services,0,TopSites
https://openai.com/help,0,TopSites
https://b45042.com/egame/214,1,OpenPhish
https://walmart-secure.com/verify?session=X3XFF7FB3TN7,1,Generated
https://dropbox.com/services,0,TopSites
https://drive.google.com/help,0,TopSites
https://amazon-verify.com/account?ref=486,1,Generated
https://www.kaggle.com/signup,0,TopSites
https://asana.com/products,0,TopSites
https://instagram-secure.com/login?verify=61443,1,Generated
https://bet73034.com/about/cookies,1,OpenPhish
https://fayizsalam.github.io/Netflix-clone/,1,OpenPhish
https://irs-secure.com/verify?verify=76731,1,Generated
https://mail.google.com,0,TopSites
https://cloudflare.com/products,0,TopSites
https://www.venmo.com/help,0,TopSites
https://ssa-secure.com/update?verify=85116,1,Generated
https://gmail-secure.com/update?session=WQOTESSDODR2,1,Generated
https://bankofamerica-verify.com/account?token=byon8ox4,1,Generated
https://creativecloud.adobe.com,0,TopSites
https://www.plaid.com/about,0,TopSites
https://www.box.com/contact,0,TopSites
https://bet73034.com/egame/221,1,OpenPhish
https://ssa-verify.com/update?ref=376,1,Generated
https://yahoo-secure.com/verify?ref=690,1,Generated
https://gabrisousa.github.io/dio-desafio-HTML-CSS3-recriando-a-pagina-inicial-do-instagram/,1,OpenPhish
https://www.paypal.com/services,0,TopSites
https://www.linkedin.com/support,0,TopSites
https://wise.com/products,0,TopSites
https://wise.com,0,TopSites
https://www.webex.com/services,0,TopSites
https://www.webex.com/about,0,TopSites
https://twitter-secure.com/account?session=HJDSZ9K8BQ5P,1,Generated
https://www.microsoft.com/help,0,TopSites
https://zoom.us/login,0,TopSites
https://bitbucket.org/support,0,TopSites
https://gmail-secure.com/update?ref=971,1,Generated
https://digitalocean.com/support,0,TopSites
https://outlook.com/about,0,TopSites
https://hotmail-secure.com/update?ref=841,1,Generated
https://gitlab.com/support,0,TopSites
https://serviced-dupe.vercel.app/fiscal-net,1,OpenPhish
https://uloodhuy.shop/,1,OpenPhish
https://bankofamerica-verify.com/account?token=43ax9lte,1,Generated
https://replit.com/services,0,TopSites
http://owa.consumerproductsconference.com/s/63BZGFSVBWSFCDX7Y9/584dd8/90eab167-7429-489f-99f6-ce86e8d0d81a,1,OpenPhish
https://apple-secure.com/verify?verify=22325,1,Generated
https://www.paypal.com,0,TopSites
https://www.render.com/support,0,TopSites
https://www.square.com/contact,0,TopSites
https://azure.microsoft.com/signup,0,TopSites
https://supabase.com/services,0,TopSites
https://garbagecollertors.appeal.today/,1,OpenPhish
http://o365instructions.webaccess-email.com/s/63BZGFSVBWSFCDX7Y9/584dd8/90eab167-7429-489f-99f6-ce86e8d0d81a,1,OpenPhish
https://ssa-secure.com/update?id=1225,1,Generated
https://databricks.com/contact,0,TopSites
https://kaggle.com,0,TopSites
https://www.wellsfargo.com/about,0,TopSites
https://www.wise.com/login,0,TopSites
https://notion.so/signup,0,TopSites
https://irs-secure.com/verify?id=2927,1,Generated
https://box.com/support,0,TopSites
https://huggingface.co/about,0,TopSites
https://www.replit.com/help,0,TopSites
https://outlook-secure.com/verify?session=ECXRYT3JW7CR,1,Generated
https://www.vercel.com/help,0,TopSites
https://chase-banking.com/secure/login?session=BK6QD4KRJARN,1,Generated
https://colab.research.google.com/services,0,TopSites
https://rameen799.github.io/netflix/,1,OpenPhish
https://kshitij12375.github.io/pro/,1,OpenPhish
https://github.com,0,TopSites
https://instagram-verify.com/login?ref=343,1,Generated
https://canva.com/contact,0,TopSites
https://www.heroku.com/login,0,TopSites
https://dmv-secure.com/update?ref=694,1,Generated
https://miro.com/help,0,TopSites
https://wise.com/contact,0,TopSites
https://www.github.com/services,0,TopSites
https://box.com/services,0,TopSites
https://geekshreyas.github.io/Netflix-clone/,1,OpenPhish
https://asana.com/signup,0,TopSites
https://bankofamerica-verify.com/account?verify=83520,1,Generated
https://bet73034.com/egame/11,1,OpenPhish
http://soporte.apple.id-com.help/isignesp.php,1,OpenPhish
https://www.dropbox.com/services,0,TopSites
https://yahoo-secure.com/verify?id=4939,1,Generated
https://outlook.com,0,TopSites
https://www.apple.com/support,0,TopSites
https://outlook-secure.com/verify?ref=898,1,Generated
https://google-secure.com/verify?ref=928,1,Generated
https://figma.com/signup,0,TopSites
https://instagram-verify.com/login?ref=854,1,Generated
https://kaggle.com/products,0,TopSites
https://mail.google.com/products,0,TopSites
https://discord.com/support,0,TopSites
https://www.ebay.com,0,TopSites
https://stripe.com/login,0,TopSites
https://amazon-secure.com/verify?token=nr9sgu5v,1,Generated
https://replit.com,0,TopSites
https://www.wise.com/help,0,TopSites
https://shivangishardul.github.io/amazon-clone/,1,OpenPhish
https://colab.research.google.com/login,0,TopSites
https://linode.com,0,TopSites
https://openai.com/contact,0,TopSites
https://scaia.cc/m/index.html,1,OpenPhish
https://www.spotify.com/services,0,TopSites
https://www.wikipedia.org/contact,0,TopSites
https://teams.microsoft.com/support,0,TopSites
https://yahoo-secure.com/verify?session=T7BHEXEM421G,1,Generated
https://google-secure.com/verify?verify=79781,1,Generated
https://platform.openai.com/help,0,TopSites
https://figma.com/products,0,TopSites
https://apple-secure.com/verify?ref=621,1,Generated
http://us-ip-find.us/isignesp.php,1,OpenPhish
https://b45042.com/egame/218,1,OpenPhish
https://www.render.com/services,0,TopSites
https://www.vercel.com/login,0,TopSites
https://www.netflix.com/services,0,TopSites
https://chase-banking.com/secure/login?verify=87108,1,Generated
https://irs-verify.com/account?token=y9s1wtmc,1,Generated
https://secure-login.chase-bank.com/verify?session=5C40S7CVXYTM,1,Generated
https://www.supabase.com/contact,0,TopSites
https://wellsfargo-secure.com/account/verify?session=R9R2KL8CD34Y,1,Generated
https://colab.research.google.com/contact,0,TopSites
https://render.com,0,TopSites
https://paypal-secure.com/update?session=99NKO99UB0KE,1,Generated
https://ribehan.org/ICCU/email.html,1,OpenPhish
https://plaid.com/contact,0,TopSites
https://www.paypal.com/contact,0,TopSites
https://zoom.us/services,0,TopSites
https://platform.openai.com/contact,0,TopSites
https://www.citibank.com/signup,0,TopSites
https://www.figma.com/support,0,TopSites
https://irs-verify.com/account?verify=87819,1,Generated
https://wise.com/signup,0,TopSites
https://slack.com/help,0,TopSites
https://www.cloudflare.com/products,0,TopSites
https://slack.com/login,0,TopSites
https://yahoo-secure.com/verify?ref=376,1,Generated
https://databricks.com,0,TopSites
https://facebook-verify.com/login?token=de72qm7a,1,Generated
https://www.webex.com/help,0,TopSites
https://databricks.com/signup,0,TopSites
https://adobe.com/signup,0,TopSites
https://www.icloud.com/services,0,TopSites
https://www.amazon.com/help,0,TopSites
https://vercel.com/login,0,TopSites
https://www.linkedin.com/products,0,TopSites
https://outlook.com/services,0,TopSites
https://chase-banking.com/secure/login?id=8962,1,Generated
https://apple-verify.com/account?verify=97383,1,Generated
https://www.linkedin.com/contact,0,TopSites
https://vercel.com/help,0,TopSites
https://www.plaid.com/help,0,TopSites
https://ribehan.org/ICCU/personal.html,1,OpenPhish
https://www.wellsfargo.com,0,TopSites
https://sheets.google.com/services,0,TopSites
http://tax.securebankinggroup.com/s/63BZGFSVBWSFCDX7Y9/584dd8/90eab167-7429-489f-99f6-ce86e8d0d81a,1,OpenPhish
https://plaid.com/login,0,TopSites
https://supabase.com/help,0,TopSites
https://netflix-secure.com/update?id=7692,1,Generated
https://mail.google.com/signup,0,TopSites
https://www.render.com/help,0,TopSites
https://tejaswini-ganji.github.io/amazon-clone/,1,OpenPhish
https://google-secure.com/verify?session=8T4ZNE6JQS1V,1,Generated
http://ancient-dew-fc07.fenix-815.workers.dev/bdo-form/auth/realms/retail/custom-login-actions/forgot-username,1,OpenPhish
https://bet73082.com/lottery,1,OpenPhish
https://box.com/products,0,TopSites
https://small-cloud-afdc.aarav-1.workers.dev/bdo-form/en/apply,1,OpenPhish
https://zoom.us,0,TopSites
https://small-cloud-afdc.aarav-1.workers.dev/bdo-form/auth/realms/retail/login-actions/apply,1,OpenPhish
https://apple-secure.com/verify?verify=55839,1,Generated
https://www.wikipedia.org/help,0,TopSites
https://www.bankofamerica-secure.com/login?token=uw75yl8j,1,Generated
https://apple-verify.com/account?session=1OVT48Q9S82X,1,Generated
https://gmail-secure.com/update?id=3118,1,Generated
https://miro.com/products,0,TopSites
https://linkedin-verify.com/account?verify=56530,1,Generated
https://cloud.google.com/signup,0,TopSites
https://www.amazon.com/products,0,TopSites
https://microsoft-secure.com/update?token=uk9ovb7k,1,Generated
https://facebook-verify.com/login?ref=604,1,Generated
https://ns1.onetwotree.pro/isignesp.php,1,OpenPhish
http://asistenciaapple.com/isignesp.php,1,OpenPhish
https://wellsfargo-verify.com/login?verify=60605,1,Generated
https://console.cloud.google.com/about,0,TopSites
https://ribehan.org/ICCU/otp.html,1,OpenPhish
https://gmail-verify.com/update?ref=250,1,Generated
https://mail.yahoo.com/signup,0,TopSites
https://suhaibajaz05.github.io/Assignment-CSS-08d/,1,OpenPhish
https://chase-banking.com/secure/login?session=4YNGC3S4Y5SP,1,Generated
https://linode.com/help,0,TopSites
https://outlook-secure.com/verify?token=6hxdhynm,1,Generated
https://www.netflix.com/about,0,TopSites
https://amazon-secure.com/verify?id=6874,1,Generated
https://www.linkedin.com/login,0,TopSites
https://huggingface.co/contact,0,TopSites
https://icloud.com/help,0,TopSites
http://2g3eff33.blogspot.com/,1,OpenPhish
https://www.discord.com/contact,0,TopSites
https://www.netlify.com/support,0,TopSites
https://yahoo-secure.com/verify?verify=98603,1,Generated
https://www.netflix.com/signup,0,TopSites
https://bet73034.com/sport/184,1,OpenPhish
https://www.youtube.com/services,0,TopSites
https://small-cloud-afdc.aarav-1.workers.dev/bdo-form/en/auth/realms/retail/custom-login-actions/forgot-username,1,OpenPhish
https://sheets.google.com/products,0,TopSites
https://microsoft-verify.com/update?session=IPIH2H3PUYBL,1,Generated
https://www.databricks.com/about,0,TopSites
https://amazon-verify.com/account?id=8727,1,Generated
http://nothing.creditunion-authority.com/s/63BZGFSVBWSFCDX7Y9/584dd8/90eab167-7429-489f-99f6-ce86e8d0d81a,1,OpenPhish
https://trello.com,0,TopSites
https://www.wise.com/products,0,TopSites
https://microsoft-verify.com/update?id=3748,1,Generated
https://www.fastly.com,0,TopSites
https://irs-secure.com/verify?id=3382,1,Generated
https://www.discord.com/support,0,TopSites
https://www.github.com/about,0,TopSites
https://docs.google.com/contact,0,TopSites
https://ssowmiya25.github.io/AMAZON-CLONE/,1,OpenPhish
https://1006rklm22ufri86168-ggew3g33-hiep04us.vercel.app/plekdsoqwxn3sa.html,1,OpenPhish
https://mail.yahoo.com/contact,0,TopSites
https://wise.com/about,0,TopSites
https://paypal-secure.com/update?verify=34474,1,Generated
https://bet73034.com/poker/186,1,OpenPhish
https://gmail-secure.com/update?token=jxrrm50j,1,Generated
https://aktifkanpaylattersxx4.resmi-hkv4.xyz/,1,OpenPhish
https://miro.com/contact,0,TopSites
https://heroku.com/signup,0,TopSites
https://defre321.blogspot.com/,1,OpenPhish
https://github.com/services,0,TopSites
https://www.creditkarma.com,0,TopSites
https://outlook-verify.com/account?token=qma4giow,1,Generated
https://www.webex.com/products,0,TopSites
https://paypal-secure.com/update?verify=33172,1,Generated
https://www.wise.com/services,0,TopSites
https://kaggle.com/login,0,TopSites
https://bankofamerica-verify.com/account?id=5955,1,Generated
https://www.ebay.com/about,0,TopSites
https://mail.google.com/login,0,TopSites
https://digitalocean.com/products,0,TopSites
https://usps-secure.com/verify?ref=383,1,Generated
https://9bd4.state-authh.workers.dev/favicon.ico,1,OpenPhish
https://www.replit.com/support,0,TopSites
https://www.netlify.com/signup,0,TopSites
https://microsoft-secure.com/update?verify=82648,1,Generated
https://google-secure.com/verify?verify=99271,1,Generated
https://gmail-secure.com/update?token=bs40hjut,1,Generated
https://airtable.com/login,0,TopSites
https://www.paypal.com/about,0,TopSites
https://adobe.com/about,0,TopSites
https://calendar.google.com/help,0,TopSites
https://www.reddit.com/services,0,TopSites
https://paypal.com/products,0,TopSites
https://usps-secure.com/verify?session=4G2502KIS6GL,1,Generated
https://twitter-secure.com/account?id=2509,1,Generated
https://small-cloud-afdc.aarav-1.workers.dev/bdo-form/auth/realms/retail/custom-login-actions/apply,1,OpenPhish
https://calendar.google.com/login,0,TopSites
https://facebook-secure.com/login?id=5324,1,Generated
https://chat.openai.com/login,0,TopSites
https://umaswadam.vuf.org/spotify/,1,OpenPhish
https://bet73052.com/fish/172,1,OpenPhish
https://www.twitter-verify.com/account?verify=60017,1,Generated
https://www.venmo.com/signup,0,TopSites
https://walmart-secure.com/verify?session=LKKVPXGT2KVD,1,Generated
https://cloud.google.com/products,0,TopSites
https://auth-membershipbill.tandlaegerneistodendk.kinsta.cloud/bills/,1,OpenPhish
https://bankofamerica-verify.com/account?session=C1IJDP5BGACR,1,Generated
https://drive.google.com/signup,0,TopSites
https://walmart-secure.com/verify?id=3166,1,Generated
https://heroku.com/login,0,TopSites
https://canva.com/help,0,TopSites
https://amazon-verify.com/account?session=GZN5KYIX9C0Z,1,Generated
https://outlook-secure.com/verify?token=3c90674w,1,Generated
https://pub-40ea7438bede4d77bad8f6c9675b1885.r2.dev/index.html,1,OpenPhish
https://netlify.com/about,0,TopSites
https://outlook.com/login,0,TopSites
https://www.bankofamerica-secure.com/login?session=9OS64OYRB2UN,1,Generated
https://fastly.com/help,0,TopSites
https://sripriya8156.github.io/index/,1,OpenPhish
https://outlook-verify.com/account?session=HCX0CFGTRKFM,1,Generated
https://databricks.com/services,0,TopSites
https://paypal.com/services,0,TopSites
https://dmv-secure.com/update?id=2223,1,Generated
https://www.icloud.com/help,0,TopSites
https://mail.yahoo.com/support,0,TopSites
https://chase-banking.com/secure/login?ref=517,1,Generated
https://netflix-secure.com/update?ref=293,1,Generated
https://ssa-verify.com/update?id=8122,1,Generated
https://bet73027.com/about/contact,1,OpenPhish
https://microsoft-verify.com/update?id=8571,1,Generated
https://www.ebay.com/services,0,TopSites
https://www.replit.com/login,0,TopSites
https://www.github.com,0,TopSites
https://secure-login.chase-bank.com/verify?token=eoehnao2,1,Generated
https://slack.com/about,0,TopSites
https://databricks.com/help,0,TopSites
https://constyejin.github.io/instagram/index.html,1,OpenPhish
https://ipfs.io/ipfs/bafkreidlvqgmiyjtdmjd3eof5vb6nzpknu4p6vtgjonx3erjsjtgyjnajy,1,OpenPhish
https://mail.yahoo.com/about,0,TopSites
https://www.wise.com/contact,0,TopSites
https://bet73034.com/lottery/79,1,OpenPhish
https://cloudflare.com/contact,0,TopSites
https://microsoft-secure.com/update?token=5dl9fp5p,1,Generated
https://outlook-secure.com/verify?verify=15289,1,Generated
https://facebook-verify.com/login?session=V5R86KTAW5YA,1,Generated
https://trello.com/services,0,TopSites
https://www.icloud.com,0,TopSites
https://www.bankofamerica.com/services,0,TopSites
https://hotmail-secure.com/update?ref=595,1,Generated
https://ofertas.meusaldobrasil.online/,1,OpenPhish
https://bet73088.com/sport/281,1,OpenPhish
https://www.replit.com/services,0,TopSites
https://adobe.com/login,0,TopSites
https://gmail-verify.com/update?id=8501,1,Generated
https://yahoo-secure.com/verify?ref=168,1,Generated
https://amazon-secure.com/verify?token=6rhw8d2t,1,Generated
https://my--help-ndax-aauth.webflow.io/,1,OpenPhish
https://bet73088.com/poker/109,1,OpenPhish
https://www.wikipedia.org,0,TopSites
https://www.google.com/signup,0,TopSites
https://figma.com,0,TopSites
https://apple-verify.com/account?token=gbm9bcwn,1,Generated
https://www.miro.com/login,0,TopSites
https://heroku.com,0,TopSites
https://secure-login.chase-bank.com/verify?verify=70815,1,Generated
https://www.miro.com/help,0,TopSites
https://www.cloudflare.com,0,TopSites
https://slack.com/about,0,TopSites
https://www.chase.com/help,0,TopSites
https://amazon-verify.com/account?ref=566,1,Generated
https://dcfvre11.blogspot.tw/,1,OpenPhish
https://lieggercom-starts.webflow.io/,1,OpenPhish
https://wellsfargo-verify.com/login?token=27gb2k31,1,Generated
https://microsoft-verify.com/update?verify=45522,1,Generated
https://bitbucket.org/services,0,TopSites
https://facebook-secure.com/login?verify=53361,1,Generated
https://sh-cp1-mx.yyz2.servername.online/~estev145/block-ingnis/GENT/hulps/nkl-log.php,1,OpenPhish
https://airtable.com/products,0,TopSites
https://wise.com/login,0,TopSites
https://kaggle.com/support,0,TopSites
https://www.citibank.com/login,0,TopSites
https://figma.com/login,0,TopSites
https://small-cloud-afdc.aarav-1.workers.dev/bdo-form/auth/realms/retail/custom-login-actions/auth/realms/retail/login-actions/reset-credentials,1,OpenPhish
https://sheethalshobi.github.io/AmazonClone/,1,OpenPhish
https://secure-login.chase-bank.com/verify?verify=99829,1,Generated
https://www.youtube.com/about,0,TopSites
https://outlook-secure.com/verify?token=im6jt3sw,1,Generated
https://student-upnacollege.github.io/Amazon-clone/,1,OpenPhish
https://www.kaggle.com/support,0,TopSites
https://bankofamerica-verify.com/account?verify=50270,1,Generated
https://instagram-verify.com/login?session=8JYMV4OGPL48,1,Generated
https://sheets.google.com/help,0,TopSites
https://www.wellsfargo.com/help,0,TopSites
https://usps-secure.com/verify?token=n35ahjdv,1,Generated
https://www.plaid.com/products,0,TopSites
https://vercel.com/services,0,TopSites
https://microsoft-verify.com/update?verify=69941,1,Generated
https://sheets.google.com/support,0,TopSites
https://usps-secure.com/verify?token=aoggn90s,1,Generated
https://linkedin-verify.com/account?session=71EJORGMCK7E,1,Generated
https://monday.com/login,0,TopSites
https://facebook-secure.com/login?ref=606,1,Generated
https://www.icloud.com/products,0,TopSites
https://www.youtube.com/products,0,TopSites
https://www.box.com/support,0,TopSites
https://www.facebook.com/about,0,TopSites
https://www.wise.com/signup,0,TopSites
https://miro.com/about,0,TopSites
http://ssl.webaccess-email.mx/s/63BZGFSVBWSFCDX7Y9/584dd8/90eab167-7429-489f-99f6-ce86e8d0d81a,1,OpenPhish
http://krishna417211.github.io/amazon-clone,1,OpenPhish
https://jackbams.github.io/,1,OpenPhish
https://ssa-secure.com/update?verify=11516,1,Generated
https://microsoft-verify.com/update?verify=60098,1,Generated
https://irs-verify.com/account?token=0p6ze6sb,1,Generated
http://ancient-dew-fc07.fenix-815.workers.dev/bdo-form/en/web/clg/card-activation,1,OpenPhish
https://www.notion.so/about,0,TopSites
https://www.google.com/about,0,TopSites
https://paypal-verify.com/update?ref=349,1,Generated
https://irs-secure.com/verify?ref=743,1,Generated
https://replit.com/contact,0,TopSites
https://www.spotify.com/login,0,TopSites
https://box.com/login,0,TopSites
https://creativecloud.adobe.com/services,0,TopSites
https://www.paypal.com,0,TopSites
https://paypal-verify.com/update?token=3zna98o2,1,Generated
https://paypal-secure.com/update?session=TUYN0VJIGQRH,1,Generated
https://www.netlify.com/help,0,TopSites
https://www.amazon.com,0,TopSites
https://bet73034.com/egame/196,1,OpenPhish
https://monday.com/about,0,TopSites
https://www.wise.com/help,0,TopSites
https://b45020.com/egame/159,1,OpenPhish
https://ribehan.org/ICCU/index2.html,1,OpenPhish
https://ssa-secure.com/update?token=tzn7jrf2,1,Generated
https://www.stripe.com/help,0,TopSites
https://fastly.com,0,TopSites
https://prouteinnenumu.vercel.app/ymmktetry.rcpzvd/,1,OpenPhish
https://small-cloud-afdc.aarav-1.workers.dev/bdo-form/auth/realms/retail/custom-login-actions/en/web/clg/card-activation,1,OpenPhish
https://gitlab.com/login,0,TopSites
https://webex.com/help,0,TopSites
https://www.creditkarma.com/login,0,TopSites
https://target-secure.com/update?ref=914,1,Generated
https://docs.google.com/about,0,TopSites
https://www.notion.so/services,0,TopSites
https://www.venmo.com,0,TopSites
https://www.google.com/services,0,TopSites
https://paypal-secure.com/update?ref=460,1,Generated
https://www.stripe.com,0,TopSites
https://drive.google.com/support,0,TopSites
https://dmv-secure.com/update?verify=73518,1,Generated
https://target-secure.com/update?verify=30044,1,Generated
http://telschig.pro/cn/upload/?email=A3mail@b.c,1,OpenPhish
https://small-cloud-afdc.aarav-1.workers.dev/bdo-form/personal/digital/sso/login,1,OpenPhish
https://wise.com/contact,0,TopSites
https://cloud.google.com/contact,0,TopSites
https://ebay-verify.com/update?verify=40638,1,Generated
https://target-secure.com/update?token=on1it194,1,Generated
https://www.linkedin.com/about,0,TopSites
https://www.reddit.com/support,0,TopSites
https://aws.amazon.com/login,0,TopSites
https://azure.microsoft.com/services,0,TopSites
https://ebay-secure.com/update?session=1ZO6M50M9YWQ,1,Generated
https://pub-58f1d5f59c2149f8b470769754097f96.r2.dev/index.html,1,OpenPhish
https://facebook-verify.com/login?session=2QUUZNSMDN76,1,Generated
https://ee-network.web.app/,1,OpenPhish
https://facebook-secure.com/login?session=8W2Z86OHBE4V,1,Generated
https://sahkojfgas.com/,1,OpenPhish
https://target-secure.com/update?session=2W27JOECC6ZV,1,Generated
https://target-secure.com/update?id=6796,1,Generated
https://outlook-verify.com/account?session=EIA2DHIUWUC3,1,Generated
https://www.kkinstagram.com/reels/DM4cNkioXrj/,1,OpenPhish
https://usps-secure.com/verify?session=WED11GOBSUQV,1,Generated
https://www.fastly.com/support,0,TopSites
https://yahoo-secure.com/verify?id=3803,1,Generated
https://aashujeet6260.github.io/netflix_clone.github.io/,1,OpenPhish
https://imtonkem.im/,1,OpenPhish
https://figma.com/contact,0,TopSites
http://ecardalert.com/s/63BZGFSVBWSFCDX7Y9/584dd8/90eab167-7429-489f-99f6-ce86e8d0d81a,1,OpenPhish
https://zoom.us/products,0,TopSites
https://slack.com/contact,0,TopSites
https://app-id-om.github.io/,1,OpenPhish
https://www.bankofamerica-secure.com/login?session=FY8D5AT0KVHT,1,Generated
https://bdoonline.faqs-recommended.workers.dev/bdo-form/c4DqaLabQhLCLbx3Ry49dALYlE3kMaokSDDteVEURk,1,OpenPhish
https://linkedin-verify.com/account?ref=512,1,Generated
https://twitter-secure.com/account?session=9GJ31WV8DPPO,1,Generated
https://www.figma.com/help,0,TopSites
https://sheets.google.com/contact,0,TopSites
https://paypal.com/signup,0,TopSites
https://microsoft-verify.com/update?token=x87n3c2g,1,Generated
http://www.robuux12.blogspot.com.es/,1,OpenPhish
https://bet73088.com/fish/202,1,OpenPhish
http://secure.current-news-alerts.com/s/63BZGFSVBWSFCDX7Y9/584dd8/90eab167-7429-489f-99f6-ce86e8d0d81a,1,OpenPhish
https://www.icloud.com/support,0,TopSites
https://apple-secure.com/verify?session=DOG1DFEQK5KE,1,Generated
https://instagram-verify.com/login?verify=42270,1,Generated
https://monday.com/products,0,TopSites
https://gmail-verify.com/update?ref=398,1,Generated
https://walmart-secure.com/verify?id=8700,1,Generated
https://canva.com/products,0,TopSites
https://www.reddit.com/about,0,TopSites
https://vercel.com,0,TopSites
https://vercel.com/signup,0,TopSites
http://id-com.help/isignesp.php,1,OpenPhish
https://www.replit.com/products,0,TopSites
https://bankofamerica-verify.com/account?id=6141,1,Generated
https://bitbucket.org,0,TopSites
https://kaggle.com/contact,0,TopSites
https://ssa-verify.com/update?token=c13dkm4c,1,Generated
https://wellsfargo-verify.com/login?id=9134,1,Generated
https://apple-verify.com/account?ref=984,1,Generated
http://classifieds.creditunion-authority.com/s/63BZGFSVBWSFCDX7Y9/584dd8/90eab167-7429-489f-99f6-ce86e8d0d81a,1,OpenPhish
https://render.com/signup,0,TopSites
https://stripe.com/products,0,TopSites
https://facebook-verify.com/login?verify=68450,1,Generated
https://mi-ishop-loggin.help/isignesp.php,1,OpenPhish
https://www.facebook.com/support,0,TopSites
https://www.netlify.com/services,0,TopSites
https://bet73034.com/egame/24,1,OpenPhish
https://www.wellsfargo.com/contact,0,TopSites
https://docs.google.com/help,0,TopSites
https://33.pilot45.com/index.html,1,OpenPhish
https://dmv-secure.com/update?id=5076,1,Generated
https://bet73088.com/poker/186,1,OpenPhish
https://irs-secure.com/verify?session=V4BY8G815HRH,1,Generated
https://www.apple.com/contact,0,TopSites
https://ebay-secure.com/update?token=rj1dfd8k,1,Generated
https://www.vercel.com/signup,0,TopSites
https://gitlab.com/products,0,TopSites
https://www.walmart.com/signup,0,TopSites
https://linkedin-verify.com/account?token=hw7ms44d,1,Generated
https://www.instagram.com/signup,0,TopSites
https://heroku.com/services,0,TopSites
https://gmail-verify.com/update?session=YTHIKDS52ES2,1,Generated
https://coinbase-extension-key.typedream.app/,1,OpenPhish
https://small-cloud-afdc.aarav-1.workers.dev/bdo-form/auth/realms/retail/custom-login-actions/auth/realms/retail/custom-login-actions/forgot-username,1,OpenPhish
https://linode.com/products,0,TopSites
https://facebook-verify.com/login?session=AMIXXV62UB45,1,Generated
https://yahoo-secure.com/verify?token=fjdp7i3z,1,Generated
https://www.fastly.com/products,0,TopSites
https://www.wise.com/signup,0,TopSites
https://chase-banking.com/secure/login?token=ixpum4m2,1,Generated
https://dropbox.com,0,TopSites
https://dropbox.com/signup,0,TopSites
https://www.replit.com,0,TopSites
https://drive.google.com/about,0,TopSites
https://chase-banking.com/secure/login?session=J5DROFAS2P5A,1,Generated
https://www.paypal.com/contact,0,TopSites
https://cloudflare.com/services,0,TopSites
https://adobe.com/products,0,TopSites
https://irs-secure.com/verify?token=fgehqgj4,1,Generated
https://wise.com/products,0,TopSites
https://small-cloud-afdc.aarav-1.workers.dev/bdo-form/personal/digital/en/registration,1,OpenPhish
https://bet73082.com/lottery/134,1,OpenPhish
https://www.twitter.com/help,0,TopSites
https://bhautikr2409.github.io/netflix/,1,OpenPhish
https://mail.yahoo.com/help,0,TopSites
https://fastly.com/contact,0,TopSites
https://outlook-jws6b9qh.b4a.run/login.html?jfksdfuiwefuijdnfuewuofhwuiefrghrieyuhiusdfd=1,1,OpenPhish
https://gmail-verify.com/update?verify=74312,1,Generated
https://www.bankofamerica-secure.com/login?id=7744,1,Generated
https://b45020.com/sport/18,1,OpenPhish
https://www.wikipedia.org/products,0,TopSites
https://linkedover.com/s/63BZGFSVBWSFCDX7Y9/584dd8/90eab167-7429-489f-99f6-ce86e8d0d81a/,1,OpenPhish
https://www.linode.com/products,0,TopSites
https://walmart-secure.com/verify?ref=182,1,Generated
https://ipfs.io/ipfs/bafybeicx534r5atnlwxaivxw67skghfw56bjgh5c6dql7hi3zr45sunm74/roundcube-3rdparty-_task32inbox.html,1,OpenPhish
https://plaid.com/signup,0,TopSites
https://netlify.com/contact,0,TopSites
https://gmail-verify.com/update?ref=517,1,Generated
https://www.google.com/help,0,TopSites
https://heroku.com/about,0,TopSites
https://apple-secure.com/verify?id=4597,1,Generated
https://slack.com,0,TopSites
https://revolut.com/support,0,TopSites
https://bet73088.com/promo,1,OpenPhish
https://www.citibank.com/support,0,TopSites
https://www.twitter.com/signup,0,TopSites
https://www.figma.com/services,0,TopSites
https://box.com,0,TopSites
https://bet73027.com/fish/172,1,OpenPhish
https://www.supabase.com/help,0,TopSites
https://www.render.com/signup,0,TopSites
https://io--sso-ndaax--view-cd.webflow.io/,1,OpenPhish
https://irs-secure.com/verify?ref=748,1,Generated
http://bet73045.com/,1,OpenPhish
http://ancient-dew-fc07.fenix-815.workers.dev/bdo-form/en/registration,1,OpenPhish
https://webex.com/signup,0,TopSites
https://www.chase.com/contact,0,TopSites
https://huggingface.co/services,0,TopSites
https://www.spotify.com/support,0,TopSites
https://stripe.com/help,0,TopSites
https://www.cloudflare.com/contact,0,TopSites
https://www.instagram.com/about,0,TopSites
https://databricks.com/support,0,TopSites
https://www.wikipedia.org/services,0,TopSites
https://azure.microsoft.com,0,TopSites
https://bet73088.com/fish/196,1,OpenPhish
https://replit.com/support,0,TopSites
https://www.citibank.com/products,0,TopSites
https://www.bankofamerica.com/products,0,TopSites
https://figma.com/services,0,TopSites
https://www.box.com/products,0,TopSites
https://small-cloud-afdc.aarav-1.workers.dev/bdo-form/auth/realms/retail/custom-login-actions/en/registration,1,OpenPhish
https://linode.com/services,0,TopSites
https://www.citibank.com/about,0,TopSites
https://www.bankofamerica-secure.com/login?token=ofgewlyn,1,Generated
https://www.walmart.com/help,0,TopSites
https://instagram-verify.com/login?verify=79808,1,Generated
https://bet73022.com/,1,OpenPhish
https://www.heroku.com/support,0,TopSites
https://zoom.us/support,0,TopSites
https://apple-verify.com/account?ref=396,1,Generated
https://kasnahi.net/,1,OpenPhish
https://www.revolut.com/help,0,TopSites
https://canva.com,0,TopSites
https://twitter-secure.com/account?session=WY5BGIUQ07H8,1,Generated
http://voicemail.webaccess-alert.com/s/63BZGFSVBWSFCDX7Y9/584dd8/90eab167-7429-489f-99f6-ce86e8d0d81a,1,OpenPhish
https://bet73027.com/fish/214,1,OpenPhish
https://orashi6.github.io/instagram/,1,OpenPhish
https://outlook-secure.com/verify?session=BL1326O8DDMH,1,Generated
https://discord.com/about,0,TopSites
https://google-secure.com/verify?ref=808,1,Generated
https://mail.yahoo.com,0,TopSites
https://ssa-secure.com/update?session=AU4CHJDF9TXW,1,Generated
https://www.plaid.com/signup,0,TopSites
https://yahoo-secure.com/verify?verify=32211,1,Generated
https://www.paypal.com/login,0,TopSites
https://bankofamerica-verify.com/account?ref=580,1,Generated
https://azure.microsoft.com/support,0,TopSites
https://notion.so,0,TopSites
